Date,Price,Transaction_count,Unique_addresses,Total_fees_USD
2022-01-01,47155.4765625,186834,446959,439129.15625
2022-01-02,47257.33984375,196865,475472,437603.8125
2022-01-03,46817.29296875,234793,641264,541845.25
2022-01-04,46417.82421875,274544,665948,616753.5
2022-01-05,45880.234375,272155,701822,725067.4375
2022-01-06,43136.87109375,264899,656398,657085.25
2022-01-07,42003.93359375,255381,677760,600107.5
2022-01-08,41729.1328125,223920,553680,403623.84375
2022-01-09,41924.765625,210143,485324,329929.6875
2022-01-10,41636.98828125,266743,681753,476217.625
2022-01-11,42207.17578125,277698,663753,494340.34375
2022-01-12,43230.63671875,271933,683635,504419.40625
2022-01-13,43412.921875,274515,634312,452744.0625
2022-01-14,42787.90625,270882,688711,413974.40625
2022-01-15,43149.39453125,234373,525054,320747.1875
2022-01-16,43107.4140625,216151,493164,274455.53125
2022-01-17,42569.92578125,258141,682457,386462.1875
2022-01-18,41972.75390625,265057,616039,397409.375
2022-01-19,41907.87109375,270334,657611,362989.125
2022-01-20,42203.49609375,271265,639731,420092.375
2022-01-21,38585.58203125,272348,694821,467485.84375
2022-01-22,35499.7734375,250294,714800,395655.40625
2022-01-23,35439.11328125,203986,497013,272087.875
2022-01-24,35152.203125,270712,690914,408878.375
2022-01-25,36528.5390625,265128,610062,397038.375
2022-01-26,37516.828125,261070,592409,449710.375
2022-01-27,36394.29296875,255925,628180,424749.875
2022-01-28,37080.01171875,264609,660008,464760.96875
2022-01-29,37829.22265625,231038,556712,466115.1875
2022-01-30,37952.078125,207173,526170,400033.4375
2022-01-31,37582.6484375,263410,706949,491597.71875
2022-02-01,38564.24609375,272984,759673,567218.5625
2022-02-02,38027.4453125,278985,693543,466365.375
2022-02-03,36827.33984375,265344,648847,390569.1875
2022-02-04,38737.37890625,247946,563652,549735.5625
2022-02-05,41507.90234375,258646,650169,586519.75
2022-02-06,41603.34765625,219196,659684,427095.96875
2022-02-07,43152.12109375,262034,618154,630863.6875
2022-02-08,43899.046875,276850,716178,635118
2022-02-09,43950.08203125,265804,736003,641558.3125
2022-02-10,44300.83203125,260813,754077,868305.3125
2022-02-11,43184.8125,258595,712853,722764.375
2022-02-12,42360.125,228189,882483,524445.4375
2022-02-13,42345.71484375,208977,536081,368721.21875
2022-02-14,42251.41015625,247592,608595,472125.375
2022-02-15,43927.7421875,273623,741609,548672
2022-02-16,43970.6953125,266788,621653,443433.6875
2022-02-17,42601.453125,255573,630084,421366.28125
2022-02-18,40427.4765625,261055,654226,380089.90625
2022-02-19,40077.7734375,220673,602132,275408.6875
2022-02-20,38745.74609375,200535,481911,221751.203125
2022-02-21,38480.92578125,237402,587054,366587.5
2022-02-22,37482.19921875,260265,621495,343395.28125
2022-02-23,38198.8125,251275,582172,308326.5
2022-02-24,36181.6796875,254139,660662,371508.8125
2022-02-25,38867.66796875,260340,643404,448075.1875
2022-02-26,39218.20703125,220423,553053,264213.0625
2022-02-27,38701.46875,211164,513174,268870.15625
2022-02-28,39489.40234375,270918,661639,372806.125
2022-03-01,43653.38671875,280634,708205,851294.9375
2022-03-02,44032.1796875,288657,764502,1288955.5
2022-03-03,43080.3515625,268244,708651,871856.8125
2022-03-04,40923.90625,262101,667811,625561.9375
2022-03-05,39183.46875,225321,541000,441457.4375
2022-03-06,39039.33203125,207116,527186,369014.5
2022-03-07,38250.1328125,255441,636533,432210.625
2022-03-08,38655.33203125,255771,674667,409268.90625
2022-03-09,41591.2890625,272805,630598,470064.96875
2022-03-10,39596.11328125,261553,698729,461160.625
2022-03-11,38972.94140625,252383,610060,429874.40625
2022-03-12,39108.34765625,225148,537474,308367.375
2022-03-13,38864.328125,208092,507255,263104.09375
2022-03-14,38773.19921875,259592,629497,400475.875
2022-03-15,39009.29296875,263178,640362,383146.90625
2022-03-16,40250.0625,276390,691344,412321.40625
2022-03-17,40904.21875,278800,701392,429663.90625
2022-03-18,40974.28515625,261318,665101,434540.3125
2022-03-19,41870.72265625,242424,601001,336891.03125
2022-03-20,41605.65625,210547,508265,268580.71875
2022-03-21,41109.5078125,259912,642490,390234.4375
2022-03-22,42454.3671875,264569,608794,459314.5625
2022-03-23,42287.46484375,264182,674312,458271.46875
2022-03-24,43357.5234375,262987,635521,494407.8125
2022-03-25,44290.3359375,290719,746757,571871.9375
2022-03-26,44391.390625,231031,548367,363345.96875
2022-03-27,44999.0234375,218202,532388,336939.75
2022-03-28,47300.77734375,293304,737695,512251.09375
2022-03-29,47543.7890625,286940,658788,473525.3125
2022-03-30,47239.75,272864,641475,527427.125
2022-03-31,46658.6015625,279210,633623,770687.5
2022-04-01,45572.78125,284105,720871,896935.1875
2022-04-02,46476.7734375,254442,648457,601947.9375
2022-04-03,46337.22265625,225564,538887,483953.84375
2022-04-04,46061.52734375,275106,684557,577575.5625
2022-04-05,46321.45703125,273430,632500,503165.65625
2022-04-06,44613.62109375,273640,638642,458275.75
2022-04-07,43468.9765625,269404,656988,436640.40625
2022-04-08,43296.2734375,266805,607654,496308.84375
2022-04-09,42482.69140625,232792,544847,346204.9375
2022-04-10,42741.95703125,216446,502318,292137.6875
2022-04-11,41209.80859375,276623,670306,430165.65625
2022-04-12,39983.46875,278839,695998,428482.8125
2022-04-13,40491.5625,276968,650957,482593.9375
2022-04-14,40679.02734375,265537,621348,448478.46875
2022-04-15,40253.9921875,254831,589666,356748.375
2022-04-16,40398.9140625,225486,518178,259557.09375
2022-04-17,40306.28515625,207324,494077,215302.6875
2022-04-18,39684.375,246421,651056,338471.40625
2022-04-19,41061.12109375,273168,634154,385392.4375
2022-04-20,41462.21484375,285655,677641,368793.9375
2022-04-21,41674.83984375,282438,690339,453240.03125
2022-04-22,40136.6484375,260930,630949,438586.59375
2022-04-23,39672.48046875,234978,589870,325533.1875
2022-04-24,39640.75,221992,554421,266400.6875
2022-04-25,39262.4453125,277417,743190,503062.25
2022-04-26,39638.9609375,273297,649737,445192.75
2022-04-27,38847.46484375,287105,672484,434023.8125
2022-04-28,39614.69921875,275765,685815,447083.0625
2022-04-29,39059.33203125,286563,728287,530682.1875
2022-04-30,38498.26171875,261630,659432,402861.28125
2022-05-01,38087.81640625,232322,534168,297635.3125
2022-05-02,38676.375,272206,657370,411469.125
2022-05-03,38254.31640625,277895,624208,369249.6875
2022-05-04,38869.41015625,233045,542845,493759.9375
2022-05-05,38393.98828125,315759,799134,856163.375
2022-05-06,36157.6328125,286887,767488,612822.0625
2022-05-07,35858.62890625,231623,541726,494288.6875
2022-05-08,34546.23046875,233892,565537,422841.25
2022-05-09,32595.857421875,279511,702394,637474.875
2022-05-10,31349.615234375,279658,651390,546750.5
2022-05-11,30500.373046875,262683,661570,652088.6875
2022-05-12,28457.185546875,274204,709523,845625.875
2022-05-13,30174.603515625,269880,770869,952450.6875
2022-05-14,29403.927734375,290225,786453,752222.75
2022-05-15,30140.08984375,235433,756520,491045.40625
2022-05-16,29948.484375,272134,877953,627414.3125
2022-05-17,30292.296875,278496,780668,573055.625
2022-05-18,29560.5859375,262907,621594,487399.125
2022-05-19,29575.49609375,262479,608227,507288.3125
2022-05-20,29790.455078125,267034,671041,507778.15625
2022-05-21,29342.951171875,225225,529552,353172.3125
2022-05-22,29800.814453125,209047,505595,347718.15625
2022-05-23,30058.814453125,265106,679562,475917.6875
2022-05-24,29310.853515625,235866,553617,474211.78125
2022-05-25,29751.314453125,288842,746183,578391.6875
2022-05-26,29437.853515625,262367,635481,518207.09375
2022-05-27,28878.087890625,270453,648876,503643.78125
2022-05-28,28897.68359375,226794,550028,341679.78125
2022-05-29,29137.255859375,207859,542091,290431.1875
2022-05-30,30628.20703125,271819,687976,408962.8125
2022-05-31,31703.384765625,276273,715644,434852.875
2022-06-01,31052.287109375,272165,665469,580609.4375
2022-06-02,30048.466796875,264901,673290,587576.9375
2022-06-03,29977.376953125,267517,675608,540662.3125
2022-06-04,29697.765625,218629,539995,373440.90625
2022-06-05,29812.404296875,201341,507174,281861.21875
2022-06-06,31273.021484375,268921,700972,397706.53125
2022-06-07,29957.615234375,263641,686880,355041.25
2022-06-08,30441.271484375,261597,633491,329328
2022-06-09,30251.099609375,262105,655854,304622.65625
2022-06-10,29640.037109375,261856,622777,399721.25
2022-06-11,28852.6875,230002,604714,324998.5
2022-06-12,27602.49609375,215473,519049,268020.4375
2022-06-13,24087.84765625,272503,629144,667475.9375
2022-06-14,22190.716796875,283231,776755,577973.875
2022-06-15,21412.81640625,296312,788483,551412.8125
2022-06-16,21404.458984375,251253,620398,496596.90625
2022-06-17,20702.87890625,251574,583016,451316.65625
2022-06-18,19303.001953125,247890,671315,402160.875
2022-06-19,19322.51171875,199777,514150,249908.734375
2022-06-20,20327.15625,236636,562610,308807.5
2022-06-21,21019.607421875,254438,654306,343588.71875
2022-06-22,20297.162109375,255472,624424,343813.3125
2022-06-23,20545.580078125,255213,616501,304237.375
2022-06-24,21080.6875,254348,620903,340935.8125
2022-06-25,21269.89453125,218017,506464,284404.09375
2022-06-26,21371.580078125,206755,454814,272383.40625
2022-06-27,21045.798828125,258883,706516,302091.375
2022-06-28,20701.908203125,248080,645012,291633.59375
2022-06-29,20141.505859375,265079,667187,271257.6875
2022-06-30,19361.998046875,271213,690151,318134.8125
2022-07-01,19529.384765625,271874,627836,352833.84375
2022-07-02,19235.564453125,235096,596590,255856.0625
2022-07-03,19164.6328125,206333,497639,191693.609375
2022-07-04,19524.115234375,240385,599604,266180.59375
2022-07-05,20001.369140625,245829,574560,394082.9375
2022-07-06,20186.572265625,267118,666288,495464.125
2022-07-07,20813.6015625,281435,752322,509478.84375
2022-07-08,21751.2109375,268331,678710,496926.875
2022-07-09,21615.404296875,220708,550067,342547.875
2022-07-10,21135.12109375,199369,491607,268840.53125
2022-07-11,20465.279296875,229482,563811,313728.53125
2022-07-12,19749.482421875,275378,695116,342991.3125
2022-07-13,19638.404296875,222657,496195,452413.09375
2022-07-14,20190.986328125,286894,704371,637221.5625
2022-07-15,20782.37890625,269269,693782,542434.375
2022-07-16,20876.072265625,226638,558249,382182.875
2022-07-17,21203.859375,202157,515590,334629
2022-07-18,21872.6015625,247895,599400,489196
2022-07-19,22539.939453125,279950,745615,601690.375
2022-07-20,23570.986328125,260195,628395,604533.5
2022-07-21,22929.509765625,273976,706579,554752.9375
2022-07-22,23134.068359375,263276,579625,503200.34375
2022-07-23,22510.134765625,223744,548298,302435.625
2022-07-24,22635.52734375,199919,510560,241820.046875
2022-07-25,21942.376953125,253417,666909,277791.6875
2022-07-26,21039.046875,264861,716355,306004.375
2022-07-27,21680.681640625,255930,635194,264257.8125
2022-07-28,23346.419921875,287254,752313,378259.125
2022-07-29,23888.4921875,281608,685655,362355.125
2022-07-30,24034.841796875,232696,557497,300611.3125
2022-07-31,23720.68359375,209042,536803,259717.9375
2022-08-01,23228.51171875,249610,663445,335387.125
2022-08-02,22964.9453125,266968,672953,348797
2022-08-03,23174.939453125,282037,699776,361523.625
2022-08-04,22849.703125,279707,666270,400450.84375
2022-08-05,23080.748046875,268463,644930,451975.5625
2022-08-06,23188.748046875,237677,642862,314271.6875
2022-08-07,23081.044921875,196161,499928,256417.21875
2022-08-08,23813.677734375,256582,643224,370843.90625
2022-08-09,23431.0859375,256233,678118,535238.125
2022-08-10,23432.076171875,264566,770366,447834.1875
2022-08-11,24372.05859375,287356,727505,454745.0625
2022-08-12,24003.765625,273661,697247,414769.75
2022-08-13,24526.9921875,233308,575136,283691.65625
2022-08-14,24507.783203125,205350,596679,194560.890625
2022-08-15,24272.138671875,241934,660452,254684.046875
2022-08-16,23968.205078125,273896,744924,282504.4375
2022-08-17,23692.71875,256127,631016,359614.59375
2022-08-18,23421.4140625,291921,765653,350057.4375
2022-08-19,21808.072265625,279910,721044,300098.03125
2022-08-20,21182.740234375,222722,593474,191482.703125
2022-08-21,21387.92578125,205435,541672,169592.59375
2022-08-22,21278.384765625,250534,635155,224209.234375
2022-08-23,21395.87890625,256928,701985,246060.65625
2022-08-24,21476.77734375,256606,662548,210239.203125
2022-08-25,21605.30859375,260460,675730,235483.90625
2022-08-26,21184.017578125,262722,678924,238946.640625
2022-08-27,20138.431640625,225420,609521,176917.453125
2022-08-28,20022.23828125,202109,547381,150058.28125
2022-08-29,19985.802734375,252235,697680,220678.71875
2022-08-30,20157.0703125,262445,700174,243256.140625
2022-08-31,20213.974609375,260425,673588,263683.8125
2022-09-01,19978.365234375,268022,670449,293804.15625
2022-09-02,20099.33984375,270588,667004,367071.0625
2022-09-03,19846.890625,242597,688576,288135
2022-09-04,19805.23046875,204538,566600,207317.75
2022-09-05,19797.685546875,250179,693826,278257.1875
2022-09-06,19599.5859375,268125,675027,298282.375
2022-09-07,18910.916015625,265239,715336,279771.125
2022-09-08,19262.27734375,262863,676133,296309.8125
2022-09-09,20715.333984375,290849,755710,364274.84375
2022-09-10,21388.71875,241936,641860,265518.21875
2022-09-11,21624.173828125,220361,628408,220970.671875
2022-09-12,22115.091796875,268971,742531,287690.25
2022-09-13,21566.8203125,260108,661152,332425.625
2022-09-14,20238.283203125,270309,718511,346030.8125
2022-09-15,19986.90234375,277041,693430,345478.53125
2022-09-16,19717.10546875,261361,609556,375956.75
2022-09-17,19950.095703125,247863,684586,336202.03125
2022-09-18,19878.72265625,212396,559227,241836.515625
2022-09-19,19004.892578125,253795,634273,249815.046875
2022-09-20,19203.70703125,269773,735701,282487.1875
2022-09-21,19008.685546875,260924,664317,266439.125
2022-09-22,18974.48046875,245794,598314,245566.71875
2022-09-23,19071.349609375,281419,726439,299807.53125
2022-09-24,19082.857421875,228040,581858,213908.046875
2022-09-25,18993.19921875,212009,548346,199666.703125
2022-09-26,19011.78515625,259311,698064,275588.1875
2022-09-27,19738.2421875,271117,715027,330280.03125
2022-09-28,19116.91796875,264048,632718,268901.3125
2022-09-29,19392.244140625,267342,640266,288555.9375
2022-09-30,19526.560546875,286672,733198,324496.1875
2022-10-01,19330.115234375,241993,644939,237985.46875
2022-10-02,19232.912109375,213646,614321,173699.109375
2022-10-03,19312.7421875,273820,750577,222178.9375
2022-10-04,19941.2734375,278744,697508,204977.28125
2022-10-05,20136.412109375,267021,640263,185336.140625
2022-10-06,20144.734375,278204,684560,204732.8125
2022-10-07,19782.677734375,270191,696361,209359.875
2022-10-08,19496.09375,235498,569915,130255.09375
2022-10-09,19447.400390625,211238,542383,115407.59375
2022-10-10,19332.552734375,258286,677885,156311.578125
2022-10-11,19075.5,266451,666337,168736.5625
2022-10-12,19123.93359375,261196,626355,180367.90625
2022-10-13,19043.3828125,281093,690643,281728.125
2022-10-14,19518.48828125,284648,700018,292016.96875
2022-10-15,19140.791015625,241758,614168,177975.015625
2022-10-16,19162.85546875,212919,531688,157423.203125
2022-10-17,19398.728515625,260471,643431,253773.078125
2022-10-18,19472.142578125,257694,603990,325187.4375
2022-10-19,19216.7734375,263517,683392,321446.5625
2022-10-20,19131.8828125,263986,659566,244715.515625
2022-10-21,19063.939453125,270741,664750,224834.296875
2022-10-22,19178.638671875,233097,580355,177911.65625
2022-10-23,19267.61328125,217872,557093,149655.375
2022-10-24,19342.74609375,264486,667171,231066.9375
2022-10-25,19598.126953125,248540,543874,332900.03125
2022-10-26,20530.029296875,306069,816537,483810.6875
2022-10-27,20625.19921875,267995,645952,357698.75
2022-10-28,20381.134765625,283035,687905,382346.8125
2022-10-29,20777.8671875,252661,623104,304821.21875
2022-10-30,20719.66796875,222138,592255,263701.75
2022-10-31,20510.48828125,284125,736088,316035
2022-11-01,20509.056640625,276192,717009,306506.90625
2022-11-02,20428.765625,257467,597309,340988.78125
2022-11-03,20258.7734375,297039,750686,383139.84375
2022-11-04,20693.0859375,281515,653487,407829.4375
2022-11-05,21341.916015625,257198,690921,341862.84375
2022-11-06,21215.41015625,223404,589496,292049.625
2022-11-07,20781.796875,264869,651346,329673.8125
2022-11-08,19573.453125,295778,788540,426508.34375
2022-11-09,17550.01953125,292265,734729,430323.71875
2022-11-10,16962.44140625,292831,727360,414088.71875
2022-11-11,17113.916015625,284467,663928,374550.4375
2022-11-12,16838.76953125,239254,655977,272523.84375
2022-11-13,16646.1171875,227644,589219,272021.5625
2022-11-14,16464.939453125,242416,603115,376916
2022-11-15,16841.185546875,283090,766407,611839.125
2022-11-16,16714.318359375,268373,734742,592927.875
2022-11-17,16617.52734375,248465,660852,574050.5
2022-11-18,16744.400390625,282091,709217,732033.125
2022-11-19,16655.306640625,260694,860870,450542.1875
2022-11-20,16608.197265625,229923,797862,322790.5625
2022-11-21,16075.4462890625,270779,712342,407358
2022-11-22,15970.3291015625,253235,666641,428392.3125
2022-11-23,16479.619140625,273997,777337,475369.375
2022-11-24,16609.123046875,254639,756755,464281.78125
2022-11-25,16505.70703125,258341,695037,446611.625
2022-11-26,16562.3828125,229735,637678,391859.53125
2022-11-27,16547.255859375,222672,629708,294236.46875
2022-11-28,16214.900390625,262636,697390,371817.09375
2022-11-29,16414.55859375,271512,704776,381724.6875
2022-11-30,16931.08203125,271416,665740,459621.875
2022-12-01,17086.005859375,285467,753017,500510.78125
2022-12-02,16993.646484375,271725,668138,489206.96875
2022-12-03,16996.994140625,250951,675340,392477.375
2022-12-04,17032.916015625,219810,618980,287878.75
2022-12-05,17174.65234375,274064,719299,366053.34375
2022-12-06,17004.7734375,262438,683031,382363.75
2022-12-07,16889.08984375,272328,697265,309406.5625
2022-12-08,16934.392578125,263838,662523,252132.765625
2022-12-09,17194.845703125,265668,696023,236507.484375
2022-12-10,17167.919921875,241668,804493,210473.625
2022-12-11,17157.955078125,217788,550898,140566.4375
2022-12-12,17006.595703125,262646,666732,214778.625
2022-12-13,17464.482421875,287224,714413,231656.6875
2022-12-14,17882.33984375,276441,684878,270487.625
2022-12-15,17582.736328125,276713,664277,357751.53125
2022-12-16,17106.474609375,254176,578966,282272.5625
2022-12-17,16702.482421875,263200,712485,291124.84375
2022-12-18,16743.78515625,212673,574669,193894.328125
2022-12-19,16691.25,259096,725538,301384.59375
2022-12-20,16789.587890625,268893,701589,303446.78125
2022-12-21,16836.34765625,272491,689284,278253.375
2022-12-22,16787.48046875,271181,662156,287460.28125
2022-12-23,16833.83203125,273926,623375,292482.59375
2022-12-24,16838.6796875,213339,496233,297074.1875
2022-12-25,16823.611328125,205314,548907,230598.34375
2022-12-26,16854.5078125,223504,563109,295590.875
2022-12-27,16809.015625,239359,610425,400201.9375
2022-12-28,16638.267578125,272949,673696,344057.3125
2022-12-29,16595.283203125,265955,690253,341645.5625
2022-12-30,16550.9765625,291015,817504,360534.3125
2022-12-31,16570.755859375,242325,614586,201869.90625
2023-01-01,16560.685546875,187516,505336,117794.7421875
2023-01-02,16691.734375,229347,618974,147357.515625
2023-01-03,16687.8984375,272055,732397,212309.1875
2023-01-04,16828.5625,277936,681297,248646.9375
2023-01-05,16831.48046875,279391,682305,240227.03125
2023-01-06,16831.95703125,276071,705595,222146.390625
2023-01-07,16942.42578125,246679,570136,142263.6875
2023-01-08,16954.7734375,228488,536377,114987.8203125
2023-01-09,17245.82421875,287347,743574,187523.375
2023-01-10,17296.203125,302809,959983,193121.796875
2023-01-11,17455.056640625,287494,752267,216969.15625
2023-01-12,18342.291015625,315980,788360,304361.65625
2023-01-13,19081.193359375,316549,814908,317989.53125
2023-01-14,20809.52734375,309880,724010,291735.34375
2023-01-15,20779.400390625,252086,552922,165854.359375
2023-01-16,21032.609375,302804,720908,216777.21875
2023-01-17,21201.9921875,308715,748882,274819.8125
2023-01-18,21129.353515625,300045,703477,339417.375
2023-01-19,20861.220703125,298919,688032,338982.625
2023-01-20,21313.0859375,295822,640080,419060
2023-01-21,22893.24609375,287860,630210,373816.78125
2023-01-22,22807.041015625,250760,631223,313410.28125
2023-01-23,22843.126953125,293709,689757,341134.90625
2023-01-24,22972.9375,292970,664341,388877.875
2023-01-25,22709.94921875,306681,677630,294122.40625
2023-01-26,23083.326171875,296263,662065,279093.4375
2023-01-27,23005.658203125,303179,661268,329712.28125
2023-01-28,23027.630859375,268849,619598,267490.3125
2023-01-29,23446.51171875,258583,586127,198592.6875
2023-01-30,23300.806640625,309909,693478,261736.84375
2023-01-31,22973.056640625,313500,649359,428251.8125
2023-02-01,23186.783203125,345561,781966,512365.0625
2023-02-02,23806.6328125,340169,727253,520540.5
2023-02-03,23488.791015625,315951,683548,571260.125
2023-02-04,23398.80078125,304495,701820,476371.65625
2023-02-05,23203.166015625,254113,556897,323666.4375
2023-02-06,22915.720703125,301977,629173,422539.53125
2023-02-07,22994.03125,300429,610019,510523.875
2023-02-08,23092.65234375,316963,629767,424354.53125
2023-02-09,22563.1484375,369499,722356,485977.4375
2023-02-10,21785.18359375,300092,600063,584195.125
2023-02-11,21713.267578125,277433,570989,481770.53125
2023-02-12,21879.94921875,262528,575763,420563.84375
2023-02-13,21692.546875,299329,666670,525806.5625
2023-02-14,21926.78125,302653,588238,567198.8125
2023-02-15,22687.19921875,325460,686085,803719.375
2023-02-16,24608.7421875,344711,818739,768828.875
2023-02-17,24024.001953125,321260,786117,642414.75
2023-02-18,24607.23828125,276798,841105,491028.125
2023-02-19,24647.400390625,240406,721423,379398.6875
2023-02-20,24645.02734375,270081,656052,440875.4375
2023-02-21,24675.80859375,290457,806631,426810.5625
2023-02-22,24027.8203125,282319,685050,442806.8125
2023-02-23,24147.724609375,290728,870285,458681.15625
2023-02-24,23635.38671875,294562,683201,436827.53125
2023-02-25,23063.876953125,258413,522698,368117.875
2023-02-26,23266.466796875,277103,672392,350514.40625
2023-02-27,23452.580078125,292748,689237,530799.5
2023-02-28,23399.337890625,332358,651802,604228.875
2023-03-01,23589.34375,381932,743951,609572.75
2023-03-02,23424.423828125,330047,616307,560543.125
2023-03-03,22457.431640625,355273,764799,626800
2023-03-04,22350.5859375,306300,622342,451102.125
2023-03-05,22455.775390625,286638,746508,393214.9375
2023-03-06,22431.623046875,316016,620069,539190
2023-03-07,22345.71875,362082,762944,572820.4375
2023-03-08,22066.939453125,292493,606371,579145.5625
2023-03-09,21442.23828125,336854,614533,957826.9375
2023-03-10,19985.513671875,329334,644425,878321.5
2023-03-11,20259.048828125,319707,664152,551997.625
2023-03-12,20680.888671875,265555,640767,441922.84375
2023-03-13,23080.884765625,333107,687362,605734.5
2023-03-14,24857.578125,327892,715823,928746.75
2023-03-15,24680.146484375,345059,682962,828816.875
2023-03-16,24796.568359375,295049,580453,829885.4375
2023-03-17,26424.99609375,338823,735770,1128261.25
2023-03-18,27492.46484375,296890,672191,959829.1875
2023-03-19,27594.8828125,269131,570252,789861.75
2023-03-20,28042.462890625,341288,720490,832124.25
2023-03-21,28129.63671875,327932,685100,813666.625
2023-03-22,28213.271484375,297575,628200,996794.9375
2023-03-23,27940.1875,295245,603105,1093726.375
2023-03-24,28112.11328125,292095,553748,1244898.125
2023-03-25,27651.931640625,290197,632623,846184.1875
2023-03-26,27844.6875,261243,573021,608835.375
2023-03-27,27601.1015625,296557,767877,638511.3125
2023-03-28,27062.361328125,316281,680376,758074.875
2023-03-29,28116.3828125,334637,684385,775825.3125
2023-03-30,28397.4140625,326347,722050,780896.0625
2023-03-31,28218.298828125,308386,714212,920984.1875
2023-04-01,28487.080078125,319646,728915,897805.625
2023-04-02,28326.013671875,341622,750821,692698
2023-04-03,28029.19140625,332870,670265,776708.75
2023-04-04,28099.654296875,421130,793205,950774.875
2023-04-05,28360.875,346885,636801,908066.375
2023-04-06,28022.6953125,354019,703372,922394.75
2023-04-07,27957.720703125,355031,650438,755049
2023-04-08,28020.869140625,318505,579668,613562.3125
2023-04-09,28038.88671875,278404,719525,474157.25
2023-04-10,28607.771484375,289625,670180,623951
2023-04-11,30130.58984375,385002,870324,935716.5
2023-04-12,30031.126953125,338102,808432,738979.25
2023-04-13,30235.7265625,332042,762275,784860.6875
2023-04-14,30609.544921875,315959,743398,847586.375
2023-04-15,30408.4609375,276185,844528,644548.625
2023-04-16,30333.84375,232268,650966,483820.125
2023-04-17,29722.673828125,316193,781608,618503.75
2023-04-18,29945.923828125,312522,933061,610277
2023-04-19,29574.03125,301722,730259,616532.9375
2023-04-20,28693.33203125,296683,671818,608078.625
2023-04-21,27977.025390625,352218,740413,673703.0625
2023-04-22,27438.3046875,354752,672566,449744.875
2023-04-23,27594.203125,432760,592826,377288.5
2023-04-24,27497.345703125,360173,739546,564634
2023-04-25,27536.724609375,369843,632707,736224.9375
2023-04-26,28872.685546875,436461,582654,957255.625
2023-04-27,29163.580078125,418912,598422,1219611
2023-04-28,29349.97265625,483522,644449,1345757.75
2023-04-29,29321.826171875,486031,535817,1255459.375
2023-04-30,29363.513671875,568516,505734,1399608
2023-05-01,28455.44921875,682281,648095,1966232.125
2023-05-02,28270.814453125,457708,512809,3242382
2023-05-03,28558.470703125,489559,644134,3544640.25
2023-05-04,29005.603515625,491123,610958,3287913.75
2023-05-05,29266.48828125,411429,497547,3957340.5
2023-05-06,29135.61328125,601134,481043,5308573.5
2023-05-07,28914.01171875,607883,338154,11674269
2023-05-08,27944.380859375,575051,433073,17757214
2023-05-09,27605.98828125,598256,508741,12153889
2023-05-10,27725.451171875,671668,600402,9422705
2023-05-11,27301.611328125,546549,554743,5299476
2023-05-12,26521.666015625,509159,524527,4592617
2023-05-13,26834.583984375,575640,453307,2919460.5
2023-05-14,26876.958984375,631677,603011,2375682
2023-05-15,27327.833984375,526379,553965,2458065
2023-05-16,27075.833984375,566462,547892,3059725.75
2023-05-17,27009.375,583454,579566,2515869.5
2023-05-18,27151.216796875,476704,557166,2894987
2023-05-19,26883.208984375,515474,598803,3133362.75
2023-05-20,26932.583984375,423736,507988,2294735.75
2023-05-21,26986.333984375,486625,562853,1927974.375
2023-05-22,26812.416015625,499281,572155,1903468.375
2023-05-23,27231.869140625,519870,597842,1900395.75
2023-05-24,26626.333984375,405521,605947,1724770.625
2023-05-25,26315.208984375,460167,641532,2418390.25
2023-05-26,26573.875,532373,697983,2599196
2023-05-27,26723.666015625,471633,643753,1659008.875
2023-05-28,27314.5,496158,701692,1709756.75
2023-05-29,27879.708984375,550324,659650,1980510.375
2023-05-30,27786.791015625,515246,701671,2218723.5
2023-05-31,27205.583984375,421579,672296,1865034.875
2023-06-01,26924.583984375,355986,640286,1889078.75
2023-06-02,27066.458984375,479437,720084,2023808
2023-06-03,27159.416015625,381453,610911,1200699.75
2023-06-04,27175.791015625,364020,687078,1046123.0625
2023-06-05,26445.666015625,359254,637443,1520579.875
2023-06-06,26101.666015625,462072,667960,2169731
2023-06-07,26686.291015625,433781,691812,2606145
2023-06-08,26468.916015625,407006,706320,1841356.75
2023-06-09,26530.666015625,387084,797613,1943209.25
2023-06-10,25843.333984375,365369,675665,1282865.875
2023-06-11,25839.333984375,399201,674836,906942.6875
2023-06-12,25876.041015625,370634,748689,1099755.875
2023-06-13,25992.208984375,410483,677608,967720.6875
2023-06-14,25827.541015625,330658,575614,1030076.0625
2023-06-15,25101.166015625,423069,653766,1029609.25
2023-06-16,25765.791015625,512202,671715,1177594.875
2023-06-17,26473.916015625,475252,616853,1061536.875
2023-06-18,26511.541015625,439868,674392,808437.6875
2023-06-19,26501.390625,415604,681389,828672.9375
2023-06-20,27193.5,447715,692707,1013942.4375
2023-06-21,29301.958984375,363280,630003,1293187.375
2023-06-22,30101.583984375,392041,750896,1337144.75
2023-06-23,30348.291015625,374001,663589,1219245
2023-06-24,30641.375,361437,801778,1034015.75
2023-06-25,30634.208984375,382769,772652,899699.625
2023-06-26,30272.333984375,403979,768869,980438.5625
2023-06-27,30530.291015625,434858,694792,966845.6875
2023-06-28,30320.130859375,331278,558277,904943.125
2023-06-29,30419.25,438193,721398,1127984.625
2023-06-30,30577.125,445197,794892,1060550.875
2023-07-01,30508.791015625,324274,719943,776143.875
2023-07-02,30540.166015625,309920,931440,726619.375
2023-07-03,30817.625,328114,696822,786275.625
2023-07-04,31002.912109375,375807,713629,703074
2023-07-05,30604.458984375,496227,712463,657424.25
2023-07-06,,392688,703218,601455.3125
2023-07-07,30190.458984375,556014,776337,581357.5
2023-07-08,30233.916015625,573697,786766,445640
2023-07-09,30274.333984375,594265,762104,399174.65625
2023-07-10,30257.375,507115,668811,491923.65625
2023-07-11,30504.958984375,432293,680074,517141.1875
2023-07-12,30584.833984375,478320,694797,589898.0625
2023-07-13,30707.5,375859,592296,606283.875
2023-07-14,31080.912109375,421666,720011,704112.0625
2023-07-15,30319.083984375,484980,672549,507550.03125
2023-07-16,30303.875,595145,692760,467645.75
2023-07-17,30191.423828125,428612,679265,519612.28125
2023-07-18,29959.875,582684,740968,571658.625
2023-07-19,29984.208984375,480249,696039,544643.3125
2023-07-20,29993.291015625,400400,627612,682253.5625
2023-07-21,29859.25,323847,585180,684829.1875
2023-07-22,29881.791015625,288750,755237,1372486.25
2023-07-23,29946.625,559624,662757,765059.25
2023-07-24,29431.1796875,529923,694575,777792
2023-07-25,29174.75,462586,675817,521046.625
2023-07-26,29277.708984375,452746,763859,550819.1875
2023-07-27,,413038,680520,611469.875
2023-07-28,29261.5,449225,694673,595836.5
2023-07-29,29330.291015625,423119,639344,473557.8125
2023-07-30,29306.5,645854,786757,502060.59375
2023-07-31,29326.791015625,445666,663375,488526.5
2023-08-01,29006.875,412219,716481,535905.3125
2023-08-02,29429.958984375,390768,812520,614148.375
2023-08-03,29161.375,476007,757049,678042.5625
2023-08-04,,318486,620296,656344.75
2023-08-05,29031.75,500723,734939,612766.5
2023-08-06,29038.583984375,607275,748277,490989.875
2023-08-07,29050.083984375,427534,665841,659065.1875
2023-08-08,29436.583984375,331194,623607,859316.6875
2023-08-09,29701.666015625,506746,782850,804320.4375
2023-08-10,29488.666015625,358039,630623,725826.125
2023-08-11,29388.75,506538,719507,689581.6875
2023-08-12,,503934,703259,571046.3125
2023-08-13,29377.708984375,497112,657394,396073.625
2023-08-14,29373.333984375,568517,754881,534342.875
2023-08-15,29316.458984375,583063,806246,535285.5
2023-08-16,29102.416015625,566878,726686,524857.625
2023-08-17,28196.5,502274,780348,532281.375
2023-08-18,26295.958984375,423207,682302,577281.875
2023-08-19,25995.583984375,519780,647628,434201
2023-08-20,26121.958984375,612461,716063,391404.65625
2023-08-21,26064.666015625,550074,709485,431948.25
2023-08-22,25980.333984375,420857,715151,488046
2023-08-23,26169.166015625,417822,711993,506148.25
2023-08-24,26287.583984375,399151,720323,458719.21875
2023-08-25,26048.875,425192,678090,469817.9375
2023-08-26,26031.958984375,497513,659828,418734.03125
2023-08-27,26059.833984375,413594,589195,351217.34375
2023-08-28,26025.375,331345,612208,441841.78125
2023-08-29,26682.833984375,500301,777437,566760
2023-08-30,27356.291015625,408001,596359,525512.5
2023-08-31,26885.625,437435,692403,713356.3125
2023-09-01,25898.666015625,419548,733543,676459
2023-09-02,25822.04296875,539748,699653,600815.1875
2023-09-03,25912.666015625,625257,620024,515435.15625
2023-09-04,25891.416015625,573196,623215,576761.3125
2023-09-05,25732.291015625,462093,627322,627847.25
2023-09-06,,485357,740658,777610.1875
2023-09-07,25824.25,537939,744425,815142
2023-09-08,26014.875,414799,699857,931500.9375
2023-09-09,25866.541015625,597409,829436,841472.25
2023-09-10,25820.416015625,558395,753804,1212629.625
2023-09-11,25497.041015625,459132,880334,832353.875
2023-09-12,25868.583984375,462328,772487,803450.0625
2023-09-13,26083.875,512446,803586,812362.625
2023-09-14,26435.375,576215,858219,817360.5
2023-09-15,26502.166015625,703692,939680,864615.125
2023-09-16,26556.791015625,593144,772919,709168.5625
2023-09-17,26529.833984375,611220,753871,751082.125
2023-09-18,26853.458984375,635845,837447,1256409
2023-09-19,27044.166015625,493887,755125,1269217.25
2023-09-20,27131.333984375,551783,781412,1285804.5
2023-09-21,26778.041015625,431540,822179,1266672.75
2023-09-22,26610.26171875,441679,714019,1223696
2023-09-23,26574.166015625,629617,831123,1370766.625
2023-09-24,26552.5,441181,844040,984878.125
2023-09-25,26195.541015625,285750,909204,874087.8125
2023-09-26,26236.041015625,309789,808248,725263.5625
2023-09-27,26311.333984375,337265,908095,835124.0625
2023-09-28,26662.25,378975,770001,773595.9375
2023-09-29,26952.291015625,330269,790006,791149.1875
2023-09-30,26969.333984375,275474,779408,581398
2023-10-01,27177.75,320516,676821,514314.40625
2023-10-02,28060.333984375,344263,756012,765348.375
2023-10-03,27487.458984375,310664,834844,798886.5625
2023-10-04,27517.083984375,287430,631596,725593.1875
2023-10-05,27632.666015625,319310,695716,737649.5625
2023-10-06,27703.333984375,298650,648893,1179628.125
2023-10-07,27942.875,244567,626822,1159202.25
2023-10-08,27932.583984375,242440,568691,429922.03125
2023-10-09,27687.666015625,283648,728347,549524.0625
2023-10-10,27526.208984375,285060,660284,473658.75
2023-10-11,27023.541015625,264600,644006,582961.75
2023-10-12,26754.208984375,267090,688998,662612.6875
2023-10-13,26815.708984375,279518,680107,593093.6875
2023-10-14,26878.666015625,265220,596165,365966.09375
2023-10-15,26935.666015625,251923,554077,306960.28125
2023-10-16,27903.958984375,299782,769306,576898.4375
2023-10-17,28410.666015625,294257,695529,552719.125
2023-10-18,28419.208984375,271345,709406,542620.125
2023-10-19,28494.208984375,282007,669547,532083.375
2023-10-20,29429.291015625,295888,673696,593381.75
2023-10-21,29794.75,270621,666992,478406.59375
2023-10-22,29927.708984375,252457,598328,370304.84375
2023-10-23,30879.041015625,301780,790710,528006.3125
2023-10-24,34107.41796875,373854,691949,1304147.25
2023-10-25,34335.91796875,476549,787572,1405040.875
2023-10-26,34344.75,431256,801380,999037.375
2023-10-27,33962.125,452816,781530,866743.875
2023-10-28,34098.54296875,564383,761500,662511.5
2023-10-29,34302.66796875,410290,666620,466153.78125
2023-10-30,34446.33203125,463202,839722,624341.75
2023-10-31,34401.75,433751,783627,627843.0625
2023-11-01,34618.04296875,463644,745532,743662.625
2023-11-02,35160.79296875,403541,761804,810124.9375
2023-11-03,34534.328125,452354,642679,1141570.375
2023-11-04,34774.95703125,698917,774972,2765102
2023-11-05,35068.16796875,673375,832021,2499186.5
2023-11-06,34997.91796875,439319,694538,2604454.5
2023-11-07,34967.45703125,450371,652717,3084162
2023-11-08,35397.95703125,583201,686739,4178296.5
2023-11-09,36578.5,573466,671249,9090023
2023-11-10,36937.16796875,523831,791808,6045403.5
2023-11-11,37081.83203125,627529,763076,4243101
2023-11-12,37083.41796875,703327,704288,4295375.5
2023-11-13,36874.75,428507,681862,3970376.75
2023-11-14,36233.5234375,523422,666260,3672896.25
2023-11-15,36271.83203125,561942,658681,4889238.5
2023-11-16,36934.29296875,628426,629396,11726871
2023-11-17,36360.79296875,536644,718365,8967552
2023-11-18,36504.04296875,629266,610571,11565090
2023-11-19,36654.83203125,710579,708665,7345058.5
2023-11-20,37296.125,640670,796875,6628374
2023-11-21,37172.41796875,522593,713609,6407568.5
2023-11-22,,535829,659679,5631334
2023-11-23,37324.83203125,587706,672748,8260940
2023-11-24,37652.70703125,623898,834323,3682365.25
2023-11-25,37766.5,617234,759325,3480892
2023-11-26,37609.83203125,578484,723926,3050565.75
2023-11-27,37179.29296875,479487,699687,3323177
2023-11-28,37435.79296875,447662,732710,2947429
2023-11-29,37950.125,360588,687544,2415780.75
2023-11-30,37782.29296875,411882,661853,2664544.5
2023-12-01,38413.83203125,496468,787576,3796932.75
2023-12-02,38909.79296875,429362,556397,2476779.25
2023-12-03,39557.66796875,707876,645506,5612791.5
2023-12-04,41442.04296875,570395,735133,6233056.5
2023-12-05,42384.375,514962,579972,10031171
2023-12-06,43876.25,467795,560600,12884765
2023-12-07,43569.4765625,372050,592822,7589356
2023-12-08,43681.21484375,411456,630118,6662442
2023-12-09,44046.328125,587398,655439,6169571.5
2023-12-10,43826.95703125,536175,595753,5033696.5
2023-12-11,41913.25,525486,741379,5747946.5
2023-12-12,41541.66796875,543162,611440,4721459.5
2023-12-13,41608.16796875,587920,489956,8231873.5
2023-12-14,42855.79296875,570985,448567,14322047
2023-12-15,42486.5,632636,607547,17892704
2023-12-16,42263.75,638144,501894,23708558
2023-12-17,41927.54296875,616808,513608,23053940
2023-12-18,41385.54296875,640936,696123,16168895
2023-12-19,42695.875,662880,588771,18623586
2023-12-20,43179.45703125,582506,540721,18443758
2023-12-21,43733.54296875,588137,549484,17734470
2023-12-22,43814.51953125,625531,739963,14220451
2023-12-23,43698.34375,608479,650835,8866332
2023-12-24,43633.35546875,723459,666712,7809907
2023-12-25,43354.94921875,535741,519078,7322344.5
2023-12-26,42685.796875,553693,520536,7166504
2023-12-27,42827.375,545556,520806,11538505
2023-12-28,42949.33203125,417180,588516,9958021
2023-12-29,42416.625,581449,660107,8971252
2023-12-30,42125.16796875,533823,606423,11141433
2023-12-31,42440.5,731351,567774,15041563
2024-01-01,42787.20703125,657752,615570,9391838
2024-01-02,45265.29296875,367319,624922,6449560
2024-01-03,43955.83203125,502749,695429,6415891.5
2024-01-04,43508.45703125,482557,750295,5549412.5
2024-01-05,,420884,541674,5118088.5
2024-01-06,43841.54296875,382140,590048,3828634.75
2024-01-07,44101.26171875,348688,491474,3365347
2024-01-08,44866.04296875,414359,498232,5661269
2024-01-09,46673.66796875,468088,653987,5234322.5
2024-01-10,45782.94921875,383774,595682,3845820.25
2024-01-11,46563.875,449075,778622,4714831
2024-01-12,45067.45703125,375872,807977,4858754.5
2024-01-13,42864.375,652483,568953,5436210
2024-01-14,42742.875,591806,488422,9360193
2024-01-15,42618.625,408499,538845,5000927
2024-01-16,42925.1328125,470122,541742,5333894.5
2024-01-17,42708.14453125,449415,558231,4463942
2024-01-18,42231.95703125,484017,649726,5121839
2024-01-19,41255.58203125,460763,552754,3470756.5
2024-01-20,41596.91796875,563331,579900,3002254.75
2024-01-21,41672.75,600202,541301,2983663.25
2024-01-22,40699.91796875,457620,749166,3096215.75
2024-01-23,39415.29296875,368462,725347,3479597
2024-01-24,39896.70703125,372499,686527,2416850.75
2024-01-25,39953.375,340188,1017686,2562855.5
2024-01-26,40913.125,493218,660457,2269335.5
2024-01-27,41819.08203125,597446,756164,2433457.25
2024-01-28,42238.16796875,636523,633563,2348878
2024-01-29,42494.95703125,575203,720186,2368093.25
2024-01-30,43430.29296875,523509,648876,2241860
2024-01-31,42901.95703125,444450,630013,2141501
2024-02-01,,413272,718056,2428496
2024-02-02,43049.79296875,429732,760265,2830641
2024-02-03,43088.79296875,515539,604517,7634473
2024-02-04,42868.41796875,336211,682836,4220067
2024-02-05,42738.54296875,281482,794689,2772086.5
2024-02-06,42935.375,278093,855835,2280237.5
2024-02-07,43253.54296875,427538,732603,3160847
2024-02-08,44889.5,285101,645330,2380589
2024-02-09,46737.41796875,334084,810082,2556394.75
2024-02-10,47362.91796875,399252,748065,1951759.125
2024-02-11,48145.75,329938,613196,1380542
2024-02-12,48760.66796875,409911,784139,3303321.5
2024-02-13,49605.41796875,313178,645044,2351384.5
2024-02-14,50838.04296875,296717,520995,2756047.75
2024-02-15,52098.625,303306,650583,2008033.75
2024-02-16,52049.45703125,312782,610813,1708333.375
2024-02-17,51637.20703125,327713,700876,1493785.125
2024-02-18,51761.58203125,343417,546618,1279617
2024-02-19,52140.33203125,366108,669927,1519884.125
2024-02-20,51835.91796875,397096,644506,1648345.875
2024-02-21,51472.12890625,369949,568063,1622142.875
2024-02-22,51555.625,365090,612250,1456017.875
2024-02-23,51082.125,409204,737181,1574602.5
2024-02-24,51146.29296875,340419,634926,1328894.25
2024-02-25,51631.08203125,418801,699716,1255661.75
2024-02-26,52320.08203125,356184,617200,1695338.5
2024-02-27,56508.20703125,387598,603304,2726746.25
2024-02-28,59293.125,413800,676872,3588889.25
2024-02-29,62104.91796875,407090,625915,4667996.5
2024-03-01,61918.58203125,419284,712788,3666035.25
2024-03-02,62013.08203125,339311,563635,2604714.25
2024-03-03,62220.125,385447,615802,2872741.25
2024-03-04,65263.16796875,361258,572477,5440123.5
2024-03-05,66246.0390625,424347,806100,6845201.5
2024-03-06,66004.8359375,381934,609751,4461999.5
2024-03-07,66825.8359375,436344,759763,3487323
2024-03-08,67738.4140625,426928,644591,3258094
2024-03-09,68380.7890625,359029,724844,2783338.75
2024-03-10,,368196,619466,2536710.25
2024-03-11,71044.3359375,394098,850371,2926048
2024-03-12,71620.1640625,341867,741149,2764310.75
2024-03-13,72737.7109375,390118,816155,2592654.75
2024-03-14,72230.8359375,329706,718116,2429157.25
2024-03-15,68519.75,307904,568568,2546524
2024-03-16,68247.9140625,355760,684029,2614725.75
2024-03-17,67015.0390625,366109,661696,1712894
2024-03-18,67717.7890625,416270,624884,2830073
2024-03-19,64262.29296875,463952,724136,2957251.25
2024-03-20,63856.25,361515,696275,2132638.75
2024-03-21,66688.4140625,327642,538169,2533305.75
2024-03-22,64642.95703125,339533,614571,2424173.5
2024-03-23,64559.95703125,326610,688590,1586875.75
2024-03-24,65216.45703125,331527,773039,1387988.375
2024-03-25,68398.3515625,317064,620054,1926028.25
2024-03-26,70340.125,317742,559845,2229570.75
2024-03-27,69778.4140625,355902,588560,2110906
2024-03-28,70390.375,428670,686127,2126428.25
2024-03-29,70047.8359375,449421,579308,2052531.5
2024-03-30,69993.375,490072,603660,2091845.25
2024-03-31,70440.375,319675,440038,1976385.375
,,,,
