date,price,forecasted_price
2022-01-01,47155.48,25099.621571537011074760
2022-01-02,47257.34,25114.700455247785404760
2022-01-03,46817.29,25129.779338958559734760
2022-01-04,46417.82,25144.858222669334064760
2022-01-05,45880.23,25159.937106380108394760
2022-01-06,43136.87,25175.015990090882724760
2022-01-07,42003.93,25190.094873801657054760
2022-01-08,41729.13,25205.173757512431384760
2022-01-09,41924.77,25220.252641223205714760
2022-01-10,41636.99,25235.331524933980044760
2022-01-11,42207.18,25250.410408644754374760
2022-01-12,43230.64,25265.489292355528704760
2022-01-13,43412.92,25280.568176066303034760
2022-01-14,42787.91,25295.647059777077364760
2022-01-15,43149.39,25310.725943487851694760
2022-01-16,43107.41,25325.804827198626024760
2022-01-17,42569.93,25340.883710909400354760
2022-01-18,41972.75,25355.962594620174684760
2022-01-19,41907.87,25371.041478330949014760
2022-01-20,42203.50,25386.120362041723344760
2022-01-21,38585.58,25401.199245752497674760
2022-01-22,35499.77,25416.278129463272004760
2022-01-23,35439.11,25431.357013174046334760
2022-01-24,35152.20,25446.435896884820664760
2022-01-25,36528.54,25461.514780595594994760
2022-01-26,37516.83,25476.593664306369324760
2022-01-27,36394.29,25491.672548017143654760
2022-01-28,37080.01,25506.751431727917984760
2022-01-29,37829.22,25521.830315438692314760
2022-01-30,37952.08,25536.909199149466644760
2022-01-31,37582.65,25551.988082860240974760
2022-02-01,38564.25,25567.066966571015304760
2022-02-02,38027.45,25582.145850281789634760
2022-02-03,36827.34,25597.224733992563964760
2022-02-04,38737.38,25612.303617703338294760
2022-02-05,41507.90,25627.382501414112624760
2022-02-06,41603.35,25642.461385124886954760
2022-02-07,43152.12,25657.540268835661284760
2022-02-08,43899.05,25672.619152546435614760
2022-02-09,43950.08,25687.698036257209944760
2022-02-10,44300.83,25702.776919967984274760
2022-02-11,43184.81,25717.855803678758604760
2022-02-12,42360.13,25732.934687389532934760
2022-02-13,42345.71,25748.013571100307264760
2022-02-14,42251.41,25763.092454811081594760
2022-02-15,43927.74,25778.171338521855924760
2022-02-16,43970.70,25793.250222232630254760
2022-02-17,42601.45,25808.329105943404584760
2022-02-18,40427.48,25823.407989654178914760
2022-02-19,40077.77,25838.486873364953244760
2022-02-20,38745.75,25853.565757075727574760
2022-02-21,38480.93,25868.644640786501904760
2022-02-22,37482.20,25883.723524497276234760
2022-02-23,38198.81,25898.802408208050564760
2022-02-24,36181.68,25913.881291918824894760
2022-02-25,38867.67,25928.960175629599224760
2022-02-26,39218.21,25944.039059340373554760
2022-02-27,38701.47,25959.117943051147884760
2022-02-28,39489.40,25974.196826761922214760
2022-03-01,43653.39,25989.275710472696544760
2022-03-02,44032.18,26004.354594183470874760
2022-03-03,43080.35,26019.433477894245204760
2022-03-04,40923.91,26034.512361605019534760
2022-03-05,39183.47,26049.591245315793864760
2022-03-06,39039.33,26064.670129026568194760
2022-03-07,38250.13,26079.749012737342524760
2022-03-08,38655.33,26094.827896448116854760
2022-03-09,41591.29,26109.906780158891184760
2022-03-10,39596.11,26124.985663869665514760
2022-03-11,38972.94,26140.064547580439844760
2022-03-12,39108.35,26155.143431291214174760
2022-03-13,38864.33,26170.222315001988504760
2022-03-14,38773.20,26185.301198712762834760
2022-03-15,39009.29,26200.380082423537164760
2022-03-16,40250.06,26215.458966134311494760
2022-03-17,40904.22,26230.537849845085824760
2022-03-18,40974.29,26245.616733555860154760
2022-03-19,41870.72,26260.695617266634484760
2022-03-20,41605.66,26275.774500977408814760
2022-03-21,41109.51,26290.853384688183144760
2022-03-22,42454.37,26305.932268398957474760
2022-03-23,42287.46,26321.011152109731804760
2022-03-24,43357.52,26336.090035820506134760
2022-03-25,44290.34,26351.168919531280464760
2022-03-26,44391.39,26366.247803242054794760
2022-03-27,44999.02,26381.326686952829124760
2022-03-28,47300.78,26396.405570663603454760
2022-03-29,47543.79,26411.484454374377784760
2022-03-30,47239.75,26426.563338085152114760
2022-03-31,46658.60,26441.642221795926444760
2022-04-01,45572.78,26456.721105506700774760
2022-04-02,46476.77,26471.799989217475104760
2022-04-03,46337.22,26486.878872928249434760
2022-04-04,46061.53,26501.957756639023764760
2022-04-05,46321.46,26517.036640349798094760
2022-04-06,44613.62,26532.115524060572424760
2022-04-07,43468.98,26547.194407771346754760
2022-04-08,43296.27,26562.273291482121084760
2022-04-09,42482.69,26577.352175192895414760
2022-04-10,42741.96,26592.431058903669744760
2022-04-11,41209.81,26607.509942614444074760
2022-04-12,39983.47,26622.588826325218404760
2022-04-13,40491.56,26637.667710035992734760
2022-04-14,40679.03,26652.746593746767064760
2022-04-15,40253.99,26667.825477457541394760
2022-04-16,40398.91,26682.904361168315724760
2022-04-17,40306.29,26697.983244879090054760
2022-04-18,39684.38,26713.062128589864384760
2022-04-19,41061.12,26728.141012300638714760
2022-04-20,41462.21,26743.219896011413044760
2022-04-21,41674.84,26758.298779722187374760
2022-04-22,40136.65,26773.377663432961704760
2022-04-23,39672.48,26788.456547143736034760
2022-04-24,39640.75,26803.535430854510364760
2022-04-25,39262.45,26818.614314565284694760
2022-04-26,39638.96,26833.693198276059024760
2022-04-27,38847.46,26848.772081986833354760
2022-04-28,39614.70,26863.850965697607684760
2022-04-29,39059.33,26878.929849408382014760
2022-04-30,38498.26,26894.008733119156344760
2022-05-01,38087.82,26909.087616829930674760
2022-05-02,38676.38,26924.166500540705004760
2022-05-03,38254.32,26939.245384251479334760
2022-05-04,38869.41,26954.324267962253664760
2022-05-05,38393.99,26969.403151673027994760
2022-05-06,36157.63,26984.482035383802324760
2022-05-07,35858.63,26999.560919094576654760
2022-05-08,34546.23,27014.639802805350984760
2022-05-09,32595.86,27029.718686516125314760
2022-05-10,31349.62,27044.797570226899644760
2022-05-11,30500.37,27059.876453937673974760
2022-05-12,28457.19,27074.955337648448304760
2022-05-13,30174.60,27090.034221359222634760
2022-05-14,29403.93,27105.113105069996964760
2022-05-15,30140.09,27120.191988780771294760
2022-05-16,29948.48,27135.270872491545624760
2022-05-17,30292.30,27150.349756202319954760
2022-05-18,29560.59,27165.428639913094284760
2022-05-19,29575.50,27180.507523623868614760
2022-05-20,29790.46,27195.586407334642944760
2022-05-21,29342.95,27210.665291045417274760
2022-05-22,29800.81,27225.744174756191604760
2022-05-23,30058.81,27240.823058466965934760
2022-05-24,29310.85,27255.901942177740264760
2022-05-25,29751.31,27270.980825888514594760
2022-05-26,29437.85,27286.059709599288924760
2022-05-27,28878.09,27301.138593310063254760
2022-05-28,28897.68,27316.217477020837584760
2022-05-29,29137.26,27331.296360731611914760
2022-05-30,30628.21,27346.375244442386244760
2022-05-31,31703.38,27361.454128153160574760
2022-06-01,31052.29,27376.533011863934904760
2022-06-02,30048.47,27391.611895574709234760
2022-06-03,29977.38,27406.690779285483564760
2022-06-04,29697.77,27421.769662996257894760
2022-06-05,29812.40,27436.848546707032224760
2022-06-06,31273.02,27451.927430417806554760
2022-06-07,29957.62,27467.006314128580884760
2022-06-08,30441.27,27482.085197839355214760
2022-06-09,30251.10,27497.164081550129544760
2022-06-10,29640.04,27512.242965260903874760
2022-06-11,28852.69,27527.321848971678204760
2022-06-12,27602.50,27542.400732682452534760
2022-06-13,24087.85,27557.479616393226864760
2022-06-14,22190.72,27572.558500104001194760
2022-06-15,21412.82,27587.637383814775524760
2022-06-16,21404.46,27602.716267525549854760
2022-06-17,20702.88,27617.795151236324184760
2022-06-18,19303.00,27632.874034947098514760
2022-06-19,19322.51,27647.952918657872844760
2022-06-20,20327.16,27663.031802368647174760
2022-06-21,21019.61,27678.110686079421504760
2022-06-22,20297.16,27693.189569790195834760
2022-06-23,20545.58,27708.268453500970164760
2022-06-24,21080.69,27723.347337211744494760
2022-06-25,21269.89,27738.426220922518824760
2022-06-26,21371.58,27753.505104633293154760
2022-06-27,21045.80,27768.583988344067484760
2022-06-28,20701.91,27783.662872054841814760
2022-06-29,20141.51,27798.741755765616144760
2022-06-30,19362.00,27813.820639476390474760
2022-07-01,19529.38,27828.899523187164804760
2022-07-02,19235.56,27843.978406897939134760
2022-07-03,19164.63,27859.057290608713464760
2022-07-04,19524.12,27874.136174319487794760
2022-07-05,20001.37,27889.215058030262124760
2022-07-06,20186.57,27904.293941741036454760
2022-07-07,20813.60,27919.372825451810784760
2022-07-08,21751.21,27934.451709162585114760
2022-07-09,21615.40,27949.530592873359444760
2022-07-10,21135.12,27964.609476584133774760
2022-07-11,20465.28,27979.688360294908104760
2022-07-12,19749.48,27994.767244005682434760
2022-07-13,19638.40,28009.846127716456764760
2022-07-14,20190.99,28024.925011427231094760
2022-07-15,20782.38,28040.003895138005424760
2022-07-16,20876.07,28055.082778848779754760
2022-07-17,21203.86,28070.161662559554084760
2022-07-18,21872.60,28085.240546270328414760
2022-07-19,22539.94,28100.319429981102744760
2022-07-20,23570.99,28115.398313691877074760
2022-07-21,22929.51,28130.477197402651404760
2022-07-22,23134.07,28145.556081113425734760
2022-07-23,22510.13,28160.634964824200064760
2022-07-24,22635.53,28175.713848534974394760
2022-07-25,21942.38,28190.792732245748724760
2022-07-26,21039.05,28205.871615956523054760
2022-07-27,21680.68,28220.950499667297384760
2022-07-28,23346.42,28236.029383378071714760
2022-07-29,23888.49,28251.108267088846044760
2022-07-30,24034.84,28266.187150799620374760
2022-07-31,23720.68,28281.266034510394704760
2022-08-01,23228.51,28296.344918221169034760
2022-08-02,22964.95,28311.423801931943364760
2022-08-03,23174.94,28326.502685642717694760
2022-08-04,22849.70,28341.581569353492024760
2022-08-05,23080.75,28356.660453064266354760
2022-08-06,23188.75,28371.739336775040684760
2022-08-07,23081.04,28386.818220485815014760
2022-08-08,23813.68,28401.897104196589344760
2022-08-09,23431.09,28416.975987907363674760
2022-08-10,23432.08,28432.054871618138004760
2022-08-11,24372.06,28447.133755328912334760
2022-08-12,24003.77,28462.212639039686664760
2022-08-13,24526.99,28477.291522750460994760
2022-08-14,24507.78,28492.370406461235324760
2022-08-15,24272.14,28507.449290172009654760
2022-08-16,23968.21,28522.528173882783984760
2022-08-17,23692.72,28537.607057593558314760
2022-08-18,23421.41,28552.685941304332644760
2022-08-19,21808.07,28567.764825015106974760
2022-08-20,21182.74,28582.843708725881304760
2022-08-21,21387.93,28597.922592436655634760
2022-08-22,21278.38,28613.001476147429964760
2022-08-23,21395.88,28628.080359858204294760
2022-08-24,21476.78,28643.159243568978624760
2022-08-25,21605.31,28658.238127279752954760
2022-08-26,21184.02,28673.317010990527284760
2022-08-27,20138.43,28688.395894701301614760
2022-08-28,20022.24,28703.474778412075944760
2022-08-29,19985.80,28718.553662122850274760
2022-08-30,20157.07,28733.632545833624604760
2022-08-31,20213.97,28748.711429544398934760
2022-09-01,19978.37,28763.790313255173264760
2022-09-02,20099.34,28778.869196965947594760
2022-09-03,19846.89,28793.948080676721924760
2022-09-04,19805.23,28809.026964387496254760
2022-09-05,19797.69,28824.105848098270584760
2022-09-06,19599.59,28839.184731809044914760
2022-09-07,18910.92,28854.263615519819244760
2022-09-08,19262.28,28869.342499230593574760
2022-09-09,20715.33,28884.421382941367904760
2022-09-10,21388.72,28899.500266652142234760
2022-09-11,21624.17,28914.579150362916564760
2022-09-12,22115.09,28929.658034073690894760
2022-09-13,21566.82,28944.736917784465224760
2022-09-14,20238.28,28959.815801495239554760
2022-09-15,19986.90,28974.894685206013884760
2022-09-16,19717.11,28989.973568916788214760
2022-09-17,19950.10,29005.052452627562544760
2022-09-18,19878.72,29020.131336338336874760
2022-09-19,19004.89,29035.210220049111204760
2022-09-20,19203.71,29050.289103759885534760
2022-09-21,19008.69,29065.367987470659864760
2022-09-22,18974.48,29080.446871181434194760
2022-09-23,19071.35,29095.525754892208524760
2022-09-24,19082.86,29110.604638602982854760
2022-09-25,18993.20,29125.683522313757184760
2022-09-26,19011.79,29140.762406024531514760
2022-09-27,19738.24,29155.841289735305844760
2022-09-28,19116.92,29170.920173446080174760
2022-09-29,19392.24,29185.999057156854504760
2022-09-30,19526.56,29201.077940867628834760
2022-10-01,19330.12,29216.156824578403164760
2022-10-02,19232.91,29231.235708289177494760
2022-10-03,19312.74,29246.314591999951824760
2022-10-04,19941.27,29261.393475710726154760
2022-10-05,20136.41,29276.472359421500484760
2022-10-06,20144.73,29291.551243132274814760
2022-10-07,19782.68,29306.630126843049144760
2022-10-08,19496.09,29321.709010553823474760
2022-10-09,19447.40,29336.787894264597804760
2022-10-10,19332.55,29351.866777975372134760
2022-10-11,19075.50,29366.945661686146464760
2022-10-12,19123.93,29382.024545396920794760
2022-10-13,19043.38,29397.103429107695124760
2022-10-14,19518.49,29412.182312818469454760
2022-10-15,19140.79,29427.261196529243784760
2022-10-16,19162.86,29442.340080240018114760
2022-10-17,19398.73,29457.418963950792444760
2022-10-18,19472.14,29472.497847661566774760
2022-10-19,19216.77,29487.576731372341104760
2022-10-20,19131.88,29502.655615083115434760
2022-10-21,19063.94,29517.734498793889764760
2022-10-22,19178.64,29532.813382504664094760
2022-10-23,19267.61,29547.892266215438424760
2022-10-24,19342.75,29562.971149926212754760
2022-10-25,19598.13,29578.050033636987084760
2022-10-26,20530.03,29593.128917347761414760
2022-10-27,20625.20,29608.207801058535744760
2022-10-28,20381.13,29623.286684769310074760
2022-10-29,20777.87,29638.365568480084404760
2022-10-30,20719.67,29653.444452190858734760
2022-10-31,20510.49,29668.523335901633064760
2022-11-01,20509.06,29683.602219612407394760
2022-11-02,20428.77,29698.681103323181724760
2022-11-03,20258.77,29713.759987033956054760
2022-11-04,20693.09,29728.838870744730384760
2022-11-05,21341.92,29743.917754455504714760
2022-11-06,21215.41,29758.996638166279044760
2022-11-07,20781.80,29774.075521877053374760
2022-11-08,19573.45,29789.154405587827704760
2022-11-09,17550.02,29804.233289298602034760
2022-11-10,16962.44,29819.312173009376364760
2022-11-11,17113.92,29834.391056720150694760
2022-11-12,16838.77,29849.469940430925024760
2022-11-13,16646.12,29864.548824141699354760
2022-11-14,16464.94,29879.627707852473684760
2022-11-15,16841.19,29894.706591563248014760
2022-11-16,16714.32,29909.785475274022344760
2022-11-17,16617.53,29924.864358984796674760
2022-11-18,16744.40,29939.943242695571004760
2022-11-19,16655.31,29955.022126406345334760
2022-11-20,16608.20,29970.101010117119664760
2022-11-21,16075.45,29985.179893827893994760
2022-11-22,15970.33,30000.258777538668324760
2022-11-23,16479.62,30015.337661249442654760
2022-11-24,16609.12,30030.416544960216984760
2022-11-25,16505.71,30045.495428670991314760
2022-11-26,16562.38,30060.574312381765644760
2022-11-27,16547.26,30075.653196092539974760
2022-11-28,16214.90,30090.732079803314304760
2022-11-29,16414.56,30105.810963514088634760
2022-11-30,16931.08,30120.889847224862964760
2022-12-01,17086.01,30135.968730935637294760
2022-12-02,16993.65,30151.047614646411624760
2022-12-03,16996.99,30166.126498357185954760
2022-12-04,17032.92,30181.205382067960284760
2022-12-05,17174.65,30196.284265778734614760
2022-12-06,17004.77,30211.363149489508944760
2022-12-07,16889.09,30226.442033200283274760
2022-12-08,16934.39,30241.520916911057604760
2022-12-09,17194.85,30256.599800621831934760
2022-12-10,17167.92,30271.678684332606264760
2022-12-11,17157.96,30286.757568043380594760
2022-12-12,17006.60,30301.836451754154924760
2022-12-13,17464.48,30316.915335464929254760
2022-12-14,17882.34,30331.994219175703584760
2022-12-15,17582.74,30347.073102886477914760
2022-12-16,17106.47,30362.151986597252244760
2022-12-17,16702.48,30377.230870308026574760
2022-12-18,16743.79,30392.309754018800904760
2022-12-19,16691.25,30407.388637729575234760
2022-12-20,16789.59,30422.467521440349564760
2022-12-21,16836.35,30437.546405151123894760
2022-12-22,16787.48,30452.625288861898224760
2022-12-23,16833.83,30467.704172572672554760
2022-12-24,16838.68,30482.783056283446884760
2022-12-25,16823.61,30497.861939994221214760
2022-12-26,16854.51,30512.940823704995544760
2022-12-27,16809.02,30528.019707415769874760
2022-12-28,16638.27,30543.098591126544204760
2022-12-29,16595.28,30558.177474837318534760
2022-12-30,16550.98,30573.256358548092864760
2022-12-31,16570.76,30588.335242258867194760
2023-01-01,16560.69,30603.414125969641524760
2023-01-02,16691.73,30618.493009680415854760
2023-01-03,16687.90,30633.571893391190184760
2023-01-04,16828.56,30648.650777101964514760
2023-01-05,16831.48,30663.729660812738844760
2023-01-06,16831.96,30678.808544523513174760
2023-01-07,16942.43,30693.887428234287504760
2023-01-08,16954.77,30708.966311945061834760
2023-01-09,17245.82,30724.045195655836164760
2023-01-10,17296.20,30739.124079366610494760
2023-01-11,17455.06,30754.202963077384824760
2023-01-12,18342.29,30769.281846788159154760
2023-01-13,19081.19,30784.360730498933484760
2023-01-14,20809.53,30799.439614209707814760
2023-01-15,20779.40,30814.518497920482144760
2023-01-16,21032.61,30829.597381631256474760
2023-01-17,21201.99,30844.676265342030804760
2023-01-18,21129.35,30859.755149052805134760
2023-01-19,20861.22,30874.834032763579464760
2023-01-20,21313.09,30889.912916474353794760
2023-01-21,22893.25,30904.991800185128124760
2023-01-22,22807.04,30920.070683895902454760
2023-01-23,22843.13,30935.149567606676784760
2023-01-24,22972.94,30950.228451317451114760
2023-01-25,22709.95,30965.307335028225444760
2023-01-26,23083.33,30980.386218738999774760
2023-01-27,23005.66,30995.465102449774104760
2023-01-28,23027.63,31010.543986160548434760
2023-01-29,23446.51,31025.622869871322764760
2023-01-30,23300.81,31040.701753582097094760
2023-01-31,22973.06,31055.780637292871424760
2023-02-01,23186.78,31070.859521003645754760
2023-02-02,23806.63,31085.938404714420084760
2023-02-03,23488.79,31101.017288425194414760
2023-02-04,23398.80,31116.096172135968744760
2023-02-05,23203.17,31131.175055846743074760
2023-02-06,22915.72,31146.253939557517404760
2023-02-07,22994.03,31161.332823268291734760
2023-02-08,23092.65,31176.411706979066064760
2023-02-09,22563.15,31191.490590689840394760
2023-02-10,21785.18,31206.569474400614724760
2023-02-11,21713.27,31221.648358111389054760
2023-02-12,21879.95,31236.727241822163384760
2023-02-13,21692.55,31251.806125532937714760
2023-02-14,21926.78,31266.885009243712044760
2023-02-15,22687.20,31281.963892954486374760
2023-02-16,24608.74,31297.042776665260704760
2023-02-17,24024.00,31312.121660376035034760
2023-02-18,24607.24,31327.200544086809364760
2023-02-19,24647.40,31342.279427797583694760
2023-02-20,24645.03,31357.358311508358024760
2023-02-21,24675.81,31372.437195219132354760
2023-02-22,24027.82,31387.516078929906684760
2023-02-23,24147.72,31402.594962640681014760
2023-02-24,23635.39,31417.673846351455344760
2023-02-25,23063.88,31432.752730062229674760
2023-02-26,23266.47,31447.831613773004004760
2023-02-27,23452.58,31462.910497483778334760
2023-02-28,23399.34,31477.989381194552664760
2023-03-01,23589.34,31493.068264905326994760
2023-03-02,23424.42,31508.147148616101324760
2023-03-03,22457.43,31523.226032326875654760
2023-03-04,22350.59,31538.304916037649984760
2023-03-05,22455.78,31553.383799748424314760
2023-03-06,22431.62,31568.462683459198644760
2023-03-07,22345.72,31583.541567169972974760
2023-03-08,22066.94,31598.620450880747304760
2023-03-09,21442.24,31613.699334591521634760
2023-03-10,19985.51,31628.778218302295964760
2023-03-11,20259.05,31643.857102013070294760
2023-03-12,20680.89,31658.935985723844624760
2023-03-13,23080.88,31674.014869434618954760
2023-03-14,24857.58,31689.093753145393284760
2023-03-15,24680.15,31704.172636856167614760
2023-03-16,24796.57,31719.251520566941944760
2023-03-17,26425.00,31734.330404277716274760
2023-03-18,27492.46,31749.409287988490604760
2023-03-19,27594.88,31764.488171699264934760
2023-03-20,28042.46,31779.567055410039264760
2023-03-21,28129.64,31794.645939120813594760
2023-03-22,28213.27,31809.724822831587924760
2023-03-23,27940.19,31824.803706542362254760
2023-03-24,28112.11,31839.882590253136584760
2023-03-25,27651.93,31854.961473963910914760
2023-03-26,27844.69,31870.040357674685244760
2023-03-27,27601.10,31885.119241385459574760
2023-03-28,27062.36,31900.198125096233904760
2023-03-29,28116.38,31915.277008807008234760
2023-03-30,28397.41,31930.355892517782564760
2023-03-31,28218.30,31945.434776228556894760
2023-04-01,28487.08,31960.513659939331224760
2023-04-02,28326.01,31975.592543650105554760
2023-04-03,28029.19,31990.671427360879884760
2023-04-04,28099.65,32005.750311071654214760
2023-04-05,28360.88,32020.829194782428544760
2023-04-06,28022.70,32035.908078493202874760
2023-04-07,27957.72,32050.986962203977204760
2023-04-08,28020.87,32066.065845914751534760
2023-04-09,28038.89,32081.144729625525864760
2023-04-10,28607.77,32096.223613336300194760
2023-04-11,30130.59,32111.302497047074524760
2023-04-12,30031.13,32126.381380757848854760
2023-04-13,30235.73,32141.460264468623184760
2023-04-14,30609.54,32156.539148179397514760
2023-04-15,30408.46,32171.618031890171844760
2023-04-16,30333.84,32186.696915600946174760
2023-04-17,29722.67,32201.775799311720504760
2023-04-18,29945.92,32216.854683022494834760
2023-04-19,29574.03,32231.933566733269164760
2023-04-20,28693.33,32247.012450444043494760
2023-04-21,27977.03,32262.091334154817824760
2023-04-22,27438.30,32277.170217865592154760
2023-04-23,27594.20,32292.249101576366484760
2023-04-24,27497.35,32307.327985287140814760
2023-04-25,27536.72,32322.406868997915144760
2023-04-26,28872.69,32337.485752708689474760
2023-04-27,29163.58,32352.564636419463804760
2023-04-28,29349.97,32367.643520130238134760
2023-04-29,29321.83,32382.722403841012464760
2023-04-30,29363.51,32397.801287551786794760
2023-05-01,28455.45,32412.880171262561124760
2023-05-02,28270.81,32427.959054973335454760
2023-05-03,28558.47,32443.037938684109784760
2023-05-04,29005.60,32458.116822394884114760
2023-05-05,29266.49,32473.195706105658444760
2023-05-06,29135.61,32488.274589816432774760
2023-05-07,28914.01,32503.353473527207104760
2023-05-08,27944.38,32518.432357237981434760
2023-05-09,27605.99,32533.511240948755764760
2023-05-10,27725.45,32548.590124659530094760
2023-05-11,27301.61,32563.669008370304424760
2023-05-12,26521.67,32578.747892081078754760
2023-05-13,26834.58,32593.826775791853084760
2023-05-14,26876.96,32608.905659502627414760
2023-05-15,27327.83,32623.984543213401744760
2023-05-16,27075.83,32639.063426924176074760
2023-05-17,27009.38,32654.142310634950404760
2023-05-18,27151.22,32669.221194345724734760
2023-05-19,26883.21,32684.300078056499064760
2023-05-20,26932.58,32699.378961767273394760
2023-05-21,26986.33,32714.457845478047724760
2023-05-22,26812.42,32729.536729188822054760
2023-05-23,27231.87,32744.615612899596384760
2023-05-24,26626.33,32759.694496610370714760
2023-05-25,26315.21,32774.773380321145044760
2023-05-26,26573.88,32789.852264031919374760
2023-05-27,26723.67,32804.931147742693704760
2023-05-28,27314.50,32820.010031453468034760
2023-05-29,27879.71,32835.088915164242364760
2023-05-30,27786.79,32850.167798875016694760
2023-05-31,27205.58,32865.246682585791024760
2023-06-01,26924.58,32880.325566296565354760
2023-06-02,27066.46,32895.404450007339684760
2023-06-03,27159.42,32910.483333718114014760
2023-06-04,27175.79,32925.562217428888344760
2023-06-05,26445.67,32940.641101139662674760
2023-06-06,26101.67,32955.719984850437004760
2023-06-07,26686.29,32970.798868561211334760
2023-06-08,26468.92,32985.877752271985664760
2023-06-09,26530.67,33000.956635982759994760
2023-06-10,25843.33,33016.035519693534324760
2023-06-11,25839.33,33031.114403404308654760
2023-06-12,25876.04,33046.193287115082984760
2023-06-13,25992.21,33061.272170825857314760
2023-06-14,25827.54,33076.351054536631644760
2023-06-15,25101.17,33091.429938247405974760
2023-06-16,25765.79,33106.508821958180304760
2023-06-17,26473.92,33121.587705668954634760
2023-06-18,26511.54,33136.666589379728964760
2023-06-19,26501.39,33151.745473090503294760
2023-06-20,27193.50,33166.824356801277624760
2023-06-21,29301.96,33181.903240512051954760
2023-06-22,30101.58,33196.982124222826284760
2023-06-23,30348.29,33212.061007933600614760
2023-06-24,30641.38,33227.139891644374944760
2023-06-25,30634.21,33242.218775355149274760
2023-06-26,30272.33,33257.297659065923604760
2023-06-27,30530.29,33272.376542776697934760
2023-06-28,30320.13,33287.455426487472264760
2023-06-29,30419.25,33302.534310198246594760
2023-06-30,30577.13,33317.613193909020924760
2023-07-01,30508.79,33332.692077619795254760
2023-07-02,30540.17,33347.770961330569584760
2023-07-03,30817.63,33362.849845041343914760
2023-07-04,31002.91,33377.928728752118244760
2023-07-05,30604.46,33393.007612462892574760
2023-07-07,30190.46,33408.086496173666904760
2023-07-08,30233.92,33423.165379884441234760
2023-07-09,30274.33,33438.244263595215564760
2023-07-10,30257.38,33453.323147305989894760
2023-07-11,30504.96,33468.402031016764224760
2023-07-12,30584.83,33483.480914727538554760
2023-07-13,30707.50,33498.559798438312884760
2023-07-14,31080.91,33513.638682149087214760
2023-07-15,30319.08,33528.717565859861544760
2023-07-16,30303.88,33543.796449570635874760
2023-07-17,30191.42,33558.875333281410204760
2023-07-18,29959.88,33573.954216992184534760
2023-07-19,29984.21,33589.033100702958864760
2023-07-20,29993.29,33604.111984413733194760
2023-07-21,29859.25,33619.190868124507524760
2023-07-22,29881.79,33634.269751835281854760
2023-07-23,29946.63,33649.348635546056184760
2023-07-24,29431.18,33664.427519256830514760
2023-07-25,29174.75,33679.506402967604844760
2023-07-26,29277.71,33694.585286678379174760
2023-07-28,29261.50,33709.664170389153504760
2023-07-29,29330.29,33724.743054099927834760
2023-07-30,29306.50,33739.821937810702164760
2023-07-31,29326.79,33754.900821521476494760
2023-08-01,29006.88,33769.979705232250824760
2023-08-02,29429.96,33785.058588943025154760
2023-08-03,29161.38,33800.137472653799484760
2023-08-05,29031.75,33815.216356364573814760
2023-08-06,29038.58,33830.295240075348144760
2023-08-07,29050.08,33845.374123786122474760
2023-08-08,29436.58,33860.453007496896804760
2023-08-09,29701.67,33875.531891207671134760
2023-08-10,29488.67,33890.610774918445464760
2023-08-11,29388.75,33905.689658629219794760
2023-08-13,29377.71,33920.768542339994124760
2023-08-14,29373.33,33935.847426050768454760
2023-08-15,29316.46,33950.926309761542784760
2023-08-16,29102.42,33966.005193472317114760
2023-08-17,28196.50,33981.084077183091444760
2023-08-18,26295.96,33996.162960893865774760
2023-08-19,25995.58,34011.241844604640104760
2023-08-20,26121.96,34026.320728315414434760
2023-08-21,26064.67,34041.399612026188764760
2023-08-22,25980.33,34056.478495736963094760
2023-08-23,26169.17,34071.557379447737424760
2023-08-24,26287.58,34086.636263158511754760
2023-08-25,26048.88,34101.715146869286084760
2023-08-26,26031.96,34116.794030580060414760
2023-08-27,26059.83,34131.872914290834744760
2023-08-28,26025.38,34146.951798001609074760
2023-08-29,26682.83,34162.030681712383404760
2023-08-30,27356.29,34177.109565423157734760
2023-08-31,26885.63,34192.188449133932064760
2023-09-01,25898.67,34207.267332844706394760
2023-09-02,25822.04,34222.346216555480724760
2023-09-03,25912.67,34237.425100266255054760
2023-09-04,25891.42,34252.503983977029384760
2023-09-05,25732.29,34267.582867687803714760
2023-09-07,25824.25,34282.661751398578044760
2023-09-08,26014.88,34297.740635109352374760
2023-09-09,25866.54,34312.819518820126704760
2023-09-10,25820.42,34327.898402530901034760
2023-09-11,25497.04,34342.977286241675364760
2023-09-12,25868.58,34358.056169952449694760
2023-09-13,26083.88,34373.135053663224024760
2023-09-14,26435.38,34388.213937373998354760
2023-09-15,26502.17,34403.292821084772684760
2023-09-16,26556.79,34418.371704795547014760
2023-09-17,26529.83,34433.450588506321344760
2023-09-18,26853.46,34448.529472217095674760
2023-09-19,27044.17,34463.608355927870004760
2023-09-20,27131.33,34478.687239638644334760
2023-09-21,26778.04,34493.766123349418664760
2023-09-22,26610.26,34508.845007060192994760
2023-09-23,26574.17,34523.923890770967324760
2023-09-24,26552.50,34539.002774481741654760
2023-09-25,26195.54,34554.081658192515984760
2023-09-26,26236.04,34569.160541903290314760
2023-09-27,26311.33,34584.239425614064644760
2023-09-28,26662.25,34599.318309324838974760
2023-09-29,26952.29,34614.397193035613304760
2023-09-30,26969.33,34629.476076746387634760
2023-10-01,27177.75,34644.554960457161964760
2023-10-02,28060.33,34659.633844167936294760
2023-10-03,27487.46,34674.712727878710624760
2023-10-04,27517.08,34689.791611589484954760
2023-10-05,27632.67,34704.870495300259284760
2023-10-06,27703.33,34719.949379011033614760
2023-10-07,27942.88,34735.028262721807944760
2023-10-08,27932.58,34750.107146432582274760
2023-10-09,27687.67,34765.186030143356604760
2023-10-10,27526.21,34780.264913854130934760
2023-10-11,27023.54,34795.343797564905264760
2023-10-12,26754.21,34810.422681275679594760
2023-10-13,26815.71,34825.501564986453924760
2023-10-14,26878.67,34840.580448697228254760
2023-10-15,26935.67,34855.659332408002584760
2023-10-16,27903.96,34870.738216118776914760
2023-10-17,28410.67,34885.817099829551244760
2023-10-18,28419.21,34900.895983540325574760
2023-10-19,28494.21,34915.974867251099904760
2023-10-20,29429.29,34931.053750961874234760
2023-10-21,29794.75,34946.132634672648564760
2023-10-22,29927.71,34961.211518383422894760
2023-10-23,30879.04,34976.290402094197224760
2023-10-24,34107.42,34991.369285804971554760
2023-10-25,34335.92,35006.448169515745884760
2023-10-26,34344.75,35021.527053226520214760
2023-10-27,33962.13,35036.605936937294544760
2023-10-28,34098.54,35051.684820648068874760
2023-10-29,34302.67,35066.763704358843204760
2023-10-30,34446.33,35081.842588069617534760
2023-10-31,34401.75,35096.921471780391864760
2023-11-01,34618.04,35112.000355491166194760
2023-11-02,35160.79,35127.079239201940524760
2023-11-03,34534.33,35142.158122912714854760
2023-11-04,34774.96,35157.237006623489184760
2023-11-05,35068.17,35172.315890334263514760
2023-11-06,34997.92,35187.394774045037844760
2023-11-07,34967.46,35202.473657755812174760
2023-11-08,35397.96,35217.552541466586504760
2023-11-09,36578.50,35232.631425177360834760
2023-11-10,36937.17,35247.710308888135164760
2023-11-11,37081.83,35262.789192598909494760
2023-11-12,37083.42,35277.868076309683824760
2023-11-13,36874.75,35292.946960020458154760
2023-11-14,36233.52,35308.025843731232484760
2023-11-15,36271.83,35323.104727442006814760
2023-11-16,36934.29,35338.183611152781144760
2023-11-17,36360.79,35353.262494863555474760
2023-11-18,36504.04,35368.341378574329804760
2023-11-19,36654.83,35383.420262285104134760
2023-11-20,37296.13,35398.499145995878464760
2023-11-21,37172.42,35413.578029706652794760
2023-11-23,37324.83,35428.656913417427124760
2023-11-24,37652.71,35443.735797128201454760
2023-11-25,37766.50,35458.814680838975784760
2023-11-26,37609.83,35473.893564549750114760
2023-11-27,37179.29,35488.972448260524444760
2023-11-28,37435.79,35504.051331971298774760
2023-11-29,37950.13,35519.130215682073104760
2023-11-30,37782.29,35534.209099392847434760
2023-12-01,38413.83,35549.287983103621764760
2023-12-02,38909.79,35564.366866814396094760
2023-12-03,39557.67,35579.445750525170424760
2023-12-04,41442.04,35594.524634235944754760
2023-12-05,42384.38,35609.603517946719084760
2023-12-06,43876.25,35624.682401657493414760
2023-12-07,43569.48,35639.761285368267744760
2023-12-08,43681.21,35654.840169079042074760
2023-12-09,44046.33,35669.919052789816404760
2023-12-10,43826.96,35684.997936500590734760
2023-12-11,41913.25,35700.076820211365064760
2023-12-12,41541.67,35715.155703922139394760
2023-12-13,41608.17,35730.234587632913724760
2023-12-14,42855.79,35745.313471343688054760
2023-12-15,42486.50,35760.392355054462384760
2023-12-16,42263.75,35775.471238765236714760
2023-12-17,41927.54,35790.550122476011044760
2023-12-18,41385.54,35805.629006186785374760
2023-12-19,42695.88,35820.707889897559704760
2023-12-20,43179.46,35835.786773608334034760
2023-12-21,43733.54,35850.865657319108364760
2023-12-22,43814.52,35865.944541029882694760
2023-12-23,43698.34,35881.023424740657024760
2023-12-24,43633.36,35896.102308451431354760
2023-12-25,43354.95,35911.181192162205684760
2023-12-26,42685.80,35926.260075872980014760
2023-12-27,42827.38,35941.338959583754344760
2023-12-28,42949.33,35956.417843294528674760
2023-12-29,42416.63,35971.496727005303004760
2023-12-30,42125.17,35986.575610716077334760
2023-12-31,42440.50,36001.654494426851664760
2024-01-01,42787.21,36016.733378137625994760
2024-01-02,45265.29,36031.812261848400324760
2024-01-03,43955.83,36046.891145559174654760
2024-01-04,43508.46,36061.970029269948984760
2024-01-06,43841.54,36077.048912980723314760
2024-01-07,44101.26,36092.127796691497644760
2024-01-08,44866.04,36107.206680402271974760
2024-01-09,46673.67,36122.285564113046304760
2024-01-10,45782.95,36137.364447823820634760
2024-01-11,46563.88,36152.443331534594964760
2024-01-12,45067.46,36167.522215245369294760
2024-01-13,42864.38,36182.601098956143624760
2024-01-14,42742.88,36197.679982666917954760
2024-01-15,42618.63,36212.758866377692284760
2024-01-16,42925.13,36227.837750088466614760
2024-01-17,42708.14,36242.916633799240944760
2024-01-18,42231.96,36257.995517510015274760
2024-01-19,41255.58,36273.074401220789604760
2024-01-20,41596.92,36288.153284931563934760
2024-01-21,41672.75,36303.232168642338264760
2024-01-22,40699.92,36318.311052353112594760
2024-01-23,39415.29,36333.389936063886924760
2024-01-24,39896.71,36348.468819774661254760
2024-01-25,39953.38,36363.547703485435584760
2024-01-26,40913.13,36378.626587196209914760
2024-01-27,41819.08,36393.705470906984244760
2024-01-28,42238.17,36408.784354617758574760
2024-01-29,42494.96,36423.863238328532904760
2024-01-30,43430.29,36438.942122039307234760
2024-01-31,42901.96,36454.021005750081564760
2024-02-02,43049.79,36469.099889460855894760
2024-02-03,43088.79,36484.178773171630224760
2024-02-04,42868.42,36499.257656882404554760
2024-02-05,42738.54,36514.336540593178884760
2024-02-06,42935.38,36529.415424303953214760
2024-02-07,43253.54,36544.494308014727544760
2024-02-08,44889.50,36559.573191725501874760
2024-02-09,46737.42,36574.652075436276204760
2024-02-10,47362.92,36589.730959147050534760
2024-02-11,48145.75,36604.809842857824864760
2024-02-12,48760.67,36619.888726568599194760
2024-02-13,49605.42,36634.967610279373524760
2024-02-14,50838.04,36650.046493990147854760
2024-02-15,52098.63,36665.125377700922184760
2024-02-16,52049.46,36680.204261411696514760
2024-02-17,51637.21,36695.283145122470844760
2024-02-18,51761.58,36710.362028833245174760
2024-02-19,52140.33,36725.440912544019504760
2024-02-20,51835.92,36740.519796254793834760
2024-02-21,51472.13,36755.598679965568164760
2024-02-22,51555.63,36770.677563676342494760
2024-02-23,51082.13,36785.756447387116824760
2024-02-24,51146.29,36800.835331097891154760
2024-02-25,51631.08,36815.914214808665484760
2024-02-26,52320.08,36830.993098519439814760
2024-02-27,56508.21,36846.071982230214144760
2024-02-28,59293.13,36861.150865940988474760
2024-02-29,62104.92,36876.229749651762804760
2024-03-01,61918.58,36891.308633362537134760
2024-03-02,62013.08,36906.387517073311464760
2024-03-03,62220.13,36921.466400784085794760
2024-03-04,65263.17,36936.545284494860124760
2024-03-05,66246.04,36951.624168205634454760
2024-03-06,66004.84,36966.703051916408784760
2024-03-07,66825.84,36981.781935627183114760
2024-03-08,67738.41,36996.860819337957444760
2024-03-09,68380.79,37011.939703048731774760
2024-03-11,71044.34,37027.018586759506104760
2024-03-12,71620.16,37042.097470470280434760
2024-03-13,72737.71,37057.176354181054764760
2024-03-14,72230.84,37072.255237891829094760
2024-03-15,68519.75,37087.334121602603424760
2024-03-16,68247.91,37102.413005313377754760
2024-03-17,67015.04,37117.491889024152084760
2024-03-18,67717.79,37132.570772734926414760
2024-03-19,64262.29,37147.649656445700744760
2024-03-20,63856.25,37162.728540156475074760
2024-03-21,66688.41,37177.807423867249404760
2024-03-22,64642.96,37192.886307578023734760
2024-03-23,64559.96,37207.965191288798064760
2024-03-24,65216.46,37223.044074999572394760
2024-03-25,68398.35,37238.122958710346724760
2024-03-26,70340.13,37253.201842421121054760
2024-03-27,69778.41,37268.280726131895384760
2024-03-28,70390.38,37283.359609842669714760
2024-03-29,70047.84,37298.438493553444044760
2024-03-30,69993.38,37313.517377264218374760
2024-03-31,70440.38,37328.596260974992704760
