date,Value,tx_id
2023-06-19,117351.05645141,ae0d9885cd3d688e0293d50af8bdf873e14d94d0240e854fa7592cff20bc2e41
2024-03-06,115177.38828023,0ecdda38bf2c7f32be5fecbd975914298bd4b9f2b384dc9b7cdb310d57b83301
2023-06-19,115177.38828023,ae0d9885cd3d688e0293d50af8bdf873e14d94d0240e854fa7592cff20bc2e41
2024-03-23,94504.03465148,a9a5a03a4f3f185f11b775578500ad7453d1c376126f2e7469eb206e60432abd
2024-03-23,87051.03465148,3ca2188e9805310b0cc9d57b2fb800efeb74a6eeb6f616bac864f887fe4e74c1
2024-03-23,87051.03465148,a9a5a03a4f3f185f11b775578500ad7453d1c376126f2e7469eb206e60432abd
2024-03-23,78317.0346246,3ca2188e9805310b0cc9d57b2fb800efeb74a6eeb6f616bac864f887fe4e74c1
2024-03-06,75177.38814162,0ecdda38bf2c7f32be5fecbd975914298bd4b9f2b384dc9b7cdb310d57b83301
2023-11-09,40041.05259302,a3d86d98c26fca84f5eec7bb583e1c88879b1ce6f6b60826676d422e5c91d71e
2024-03-06,40000,0ecdda38bf2c7f32be5fecbd975914298bd4b9f2b384dc9b7cdb310d57b83301
2024-01-31,35049.65031794,4dcdf324cb586cab30e205695ccfbb77aeb670c01c78e70d3d84b335bdf1bad9
2024-01-31,35049.65024414,c00534d715fb9c5135ba23f06deca4b5027cc7c8b5afe1b7d0edcd78afd1ce08
2024-01-31,35049.65024414,4dcdf324cb586cab30e205695ccfbb77aeb670c01c78e70d3d84b335bdf1bad9
2024-01-31,34300,c00534d715fb9c5135ba23f06deca4b5027cc7c8b5afe1b7d0edcd78afd1ce08
2024-04-02,30174.70351868,9c3af4b48e66565f1da1da8278036fa1dbb09f2beaaca99c3504475390ba4590
2024-04-02,30174.70249604,b614dd2e0fa06d776ee4d45973fab5ceb6e2dfebfb84e5f7bd45ef0975455240
2024-04-02,30174.70249604,9c3af4b48e66565f1da1da8278036fa1dbb09f2beaaca99c3504475390ba4590
2023-12-26,30041.0523339,4a9f31e53fd5b85146f41bf9260e6d001dfc1e81fe00930a4ee40531b15e7fab
2023-11-09,30041.0523339,a3d86d98c26fca84f5eec7bb583e1c88879b1ce6f6b60826676d422e5c91d71e
2023-12-26,30000,4a9f31e53fd5b85146f41bf9260e6d001dfc1e81fe00930a4ee40531b15e7fab
2023-09-15,12949.9765861,66e75ebd1ab0ef9b4eab615908403983e2bd0874804c884ab7d321ce381be9dc
2023-10-17,12932.73659156,bdc882e35f0efc5f7aa37bb4b0075fe29ca7447deb14fed1dedd77f8f62217ef
2023-09-15,12899.97282986,66e75ebd1ab0ef9b4eab615908403983e2bd0874804c884ab7d321ce381be9dc
2023-10-18,12892.73659156,c9e9fe152ac823e11ecd0a9078224af1f653690a3571e5b881311f776daa80a4
2023-10-17,12892.73574421,bdc882e35f0efc5f7aa37bb4b0075fe29ca7447deb14fed1dedd77f8f62217ef
2024-02-14,12886.59799675,ada36ec63de74e666cde75128b61b4f3e9cd0d57421f432d5519104a3aab77f6
2024-02-14,12886.59786827,116d465ad2f3e8195b73413e62fee88a6f37a662d8deff5b8e9c500df230db37
2023-10-20,12883.27659156,83eb97852548c55ffb19b438f518549893134006d765c3af213c2464e23f093f
2023-05-12,12863.23213873,7cfc79bfe88660951c0bb2f142d31e056f215ae0a87322002df0ee1b55e0f985
2023-05-11,12863.22401605,5ddc69789772c7e3e3b506786141f7eb9f0d37aad2b4a6ae2d348ea14f8444b9
2023-10-18,12845.73634076,c9e9fe152ac823e11ecd0a9078224af1f653690a3571e5b881311f776daa80a4
2023-06-19,12826.33200666,ae0d9885cd3d688e0293d50af8bdf873e14d94d0240e854fa7592cff20bc2e41
2023-09-30,12824.9765861,27bcd97aa329dcfc33108d102bcbec28108fbfcbf45c21bf9f2201deecd3f92f
2023-09-28,12824.9760272,c53fa73ac889df81bd229caa8637b20d5024f7ea2d43ea7a5a1b4dcc247e9c53
2023-10-23,12794.27659156,7bd09736e04df4082ddba6d09626210e91504de0ea361e17541531fb27ba3a82
2023-10-20,12794.27629348,83eb97852548c55ffb19b438f518549893134006d765c3af213c2464e23f093f
2023-10-28,12786.19659156,ff5b4e7195b71283ce36f9f89828d667b6e10b397e4cc00d4b28e86e8eb31c74
2023-10-25,12767.27659156,1e1a2dd620a36fcefa64a41eefdfb6640c7b223e09a3dd57e7163c5ea213e066
2023-10-23,12767.27644636,7bd09736e04df4082ddba6d09626210e91504de0ea361e17541531fb27ba3a82
2023-10-28,12753.19610718,ff5b4e7195b71283ce36f9f89828d667b6e10b397e4cc00d4b28e86e8eb31c74
2024-03-20,3763.25662184,ec428d3b83fb65f03b59c2bb122ab687773e873735ae5513eb814507485f25af
2024-03-20,3763.25662184,d7f2e58bea146dfa451e0e67bbbe322690182cf81193e47aa85eb95e1bb07397
2023-07-27,3750.99998048,65c87ea284ccd7d5bce60aa1e1951775aabc8578e9ada13c288e41b7c0f0ffc2
2023-07-27,3750.9999371,65c87ea284ccd7d5bce60aa1e1951775aabc8578e9ada13c288e41b7c0f0ffc2
2023-06-02,3749.9999967,bdd98e521b01402a1f2d3899036612e2403969e394c5fe042fb2d3bd2c121acb
2024-02-27,3749.99,0328dcf6e5ee45ee5fdf812c14c1d67ca864e972a5c925a603701918d712750d
2024-02-27,3749.99,a7ddd96baa1b8d0ce36a4f982ac15d3f9807175dfd0c6ebea64cebe5ebdf6c7c
2024-03-15,3745.96792649,5d4a058bc743b215dc9581a02342971d2cf1243de188b1a4cc14c964e9c42dfc
2024-03-20,3740.13847186,cc6a8e06e6350acc7fcd97488f70308fa4450f151fe5c32b3c105e327f9376a0
2024-03-22,3733.64750411,7591e3b2cf0d3a1807b1e379b1ec68dade79a2b704fe5ee038a116e8317d9c7c
2024-04-15,3731.56959344,0c01672e803de7859f3bd11dcdf66c2aa89f8c88ac18cf449d8c8f89a54840a4
2023-12-27,3725,96629d8592da931a580de203f97667e20fb70ac3c6759043c0dff5ddb85ca6d9
2024-04-01,3715.13517833,455e8c8eabe650793594875d88b84c6163b88e21c4dfffb217fdcfafe2e34993
2024-03-04,3709.69858989,5431095107c173663f24231a504fd930fd71c0c99e2f2e983a5e05fb4d0609c9
2024-04-15,3706.49061858,7feb782c7d554753453a19a762802cfbf63d8fa99854ddcefacd8516ba106571
2024-02-22,3701.66857031,ead0018b3595cb5e8a74af76daa461c35fa4170ee0324d81d9cbbfef802fe8b1
2024-02-22,3701.66357031,ead0018b3595cb5e8a74af76daa461c35fa4170ee0324d81d9cbbfef802fe8b1
2023-12-27,3695.17329912,96629d8592da931a580de203f97667e20fb70ac3c6759043c0dff5ddb85ca6d9
2023-06-30,3695.0003828,9a7e664d53e5bc79c5ff40c313134596218d863cfa290260b631e2fa7b9b9e92
2023-06-30,3695,b824ed908df7d5294b14169a8a0794a29f855949469f2a772445c03d70d0343e
2023-10-25,12732.27612956,1e1a2dd620a36fcefa64a41eefdfb6640c7b223e09a3dd57e7163c5ea213e066
2023-09-30,12699.9762429,27bcd97aa329dcfc33108d102bcbec28108fbfcbf45c21bf9f2201deecd3f92f
2024-01-24,12550.00106186,c753146fccae699fb07dd078987b81aa317f8ad71a15299865d85d44af67ccd4
2024-01-24,12549.99606186,c753146fccae699fb07dd078987b81aa317f8ad71a15299865d85d44af67ccd4
2024-01-19,12373.07795125,b4d44e8df05d50b2033d147604e9387a9007a6b155b1e1920b15a6eae13e6f3b
2024-04-18,12318.99500839,82248ab2a37da125f5cf1e2271f4eba2b28b08988f78e99c0387ad525477fac2
2024-04-10,12318.99500839,217fe8263ae3a75db6503d310b6c94b5a68ca817fce1a30bad5f5d7b9ab645cb
2024-04-18,12318.99380746,d169c271092a89dd695f03fc56cf8dc34dc84dfbc883395e79da05c9da0f143e
2024-04-18,12318.99380746,82248ab2a37da125f5cf1e2271f4eba2b28b08988f78e99c0387ad525477fac2
2024-04-18,12318.99260653,512375ed1b0053b804d4b1c02d331c8f71d9626e0f275a39d1e322db7201ada5
2024-04-18,12318.99260653,d169c271092a89dd695f03fc56cf8dc34dc84dfbc883395e79da05c9da0f143e
2024-02-28,12267.02262673,0c425db3da697bde3277852c8cea3c9bd9adc6575e593ef349c207ee3f4ab5a2
2024-02-28,12267.01528242,0c425db3da697bde3277852c8cea3c9bd9adc6575e593ef349c207ee3f4ab5a2
2023-12-26,12249.0004068,ebc682ac36f2a027644e52854f043c71ba49c3282b1ecd51995eb18812a9bb5e
2023-12-26,12249,ebc682ac36f2a027644e52854f043c71ba49c3282b1ecd51995eb18812a9bb5e
2023-06-16,12086.66943226,83ed44f27d8aa2770fa52e5eaa3cd4af4c49f5124e2293226a0101bfb0d0cc1a
2023-11-03,12000.000282,bfbe125ada1a7b77374b1a911459fa1f3e9797e1acf160fc621db0aefe526ad1
2023-11-03,12000,bfbe125ada1a7b77374b1a911459fa1f3e9797e1acf160fc621db0aefe526ad1
2023-11-13,11960.26041007,5ee582d836c5b82edda86aa6681b0e7d04e20a820ab42f11132d3ddef4a69322
2023-05-10,11819.02483703,f5b293289d8ddabd237bd01a28c8b007fcf9e52ebc7087922c6c4abd286306a2
2023-05-10,11819.01814463,f5b293289d8ddabd237bd01a28c8b007fcf9e52ebc7087922c6c4abd286306a2
2024-01-18,11739.1308252,d61d5a1cafa89df349314de1f4581d0339c4ce1f3cf9aa15a863ecf577b10927
2024-01-18,11739.1258252,d61d5a1cafa89df349314de1f4581d0339c4ce1f3cf9aa15a863ecf577b10927
2024-01-17,11696.51141522,04864aae939668e141c1aed622e0959c8d607120450eb2c04aaa6385d5b7b8b0
2024-01-17,11696.50641522,04864aae939668e141c1aed622e0959c8d607120450eb2c04aaa6385d5b7b8b0
2023-11-09,11656.36041007,4755c9e7594939f1f92c0cc5e1003f7d168a43c32f9be8797577ecb85f1a78bf
2023-05-15,11533.51504708,17524ee4bcd674ed9d82fd6a0114c405438f9cc8bfd17c9c5b1a668f294f5f94
2023-05-15,11533.50677248,10586cf6fadcce0f879c1c2c2ba4562a8c251091765fe7946649089d4dbfac15
2023-05-15,11533.50677248,17524ee4bcd674ed9d82fd6a0114c405438f9cc8bfd17c9c5b1a668f294f5f94
2023-11-13,11510.26041007,5bb692fd98f9b24de31ca59d270f4f032c4857ca0f46eda69311da65e7fc1c27
2023-11-13,11510.25389278,5ee582d836c5b82edda86aa6681b0e7d04e20a820ab42f11132d3ddef4a69322
2024-01-16,11502.49376296,275fd2c3fbe7ff1376151c42cbb3bff3ab5b78f2e3b14fb983c9a18d1673a553
2024-01-16,11502.48876296,275fd2c3fbe7ff1376151c42cbb3bff3ab5b78f2e3b14fb983c9a18d1673a553
2023-12-12,11438.78653112,3a4313a3df4f042d4ef611f32b8c75790731f3dabff4c944c57fd7a5aa7461c4
2023-12-12,11438.784,3a4313a3df4f042d4ef611f32b8c75790731f3dabff4c944c57fd7a5aa7461c4
2023-11-08,11429.71241007,50155dfa4f51b403590cc11a4328ce3542b54c18fff27233b9416310b8e91513
2024-02-14,11386.59799675,f2f938ee5074125b7c47b67b86abae19611edeae44865cdd5b59836aac1fd159
2024-02-14,11386.59779559,ada36ec63de74e666cde75128b61b4f3e9cd0d57421f432d5519104a3aab77f6
2023-05-15,11347.47161008,a91dd2d9b8be6f5dd0f4f88a230929fc350aad063a4050847b4f4d9a9e9e21a6
2023-05-15,11347.4632241,2bc012b8ca868eddc9c292cb1916a4b19a33a7380046b3ae9ff78113d4187825
2023-05-15,11347.4632241,a91dd2d9b8be6f5dd0f4f88a230929fc350aad063a4050847b4f4d9a9e9e21a6
2023-07-01,11344.84877059,46b8d9f8f87d9476933acbafdfe75f37e01dff017241e9f7cf0efb3e92cad4c6
2023-07-01,11344.84628786,9fbb387d79925ec89f0e8647e4344cb49ee70b82f002d15d1a72a668724e1f5c
2023-07-01,11344.84628786,46b8d9f8f87d9476933acbafdfe75f37e01dff017241e9f7cf0efb3e92cad4c6
2024-04-18,11318.9924056,f1affa429e4136fee826ccbfe1099180c133a0a10c36b5f3d47e7b58315962f6
2024-04-18,11318.9924056,512375ed1b0053b804d4b1c02d331c8f71d9626e0f275a39d1e322db7201ada5
2023-05-25,11261.95549823,66a241d57cda20235f15ef0bad2a209010da4916c3e765f2415adf897661f29a
2023-05-25,11261.955,66a241d57cda20235f15ef0bad2a209010da4916c3e765f2415adf897661f29a
2023-05-31,11224.89375186,463187a8f8d3beec5d081eef63bef55b1a8125700839547df8eeb6f6053bf530
2023-06-12,11224.89338816,935eeea6150c3cde698c01a42637a171b57aecb46b6f5fb31338c60a247d6a9b
2023-05-31,11224.89338816,463187a8f8d3beec5d081eef63bef55b1a8125700839547df8eeb6f6053bf530
2023-06-12,11224.79327102,c28bc9dce5a2804c8777b4a4492b94e3b062a4da07c16ba6f4e116a0ad7a9e98
2023-06-12,11224.79327102,935eeea6150c3cde698c01a42637a171b57aecb46b6f5fb31338c60a247d6a9b
2023-06-26,11224.69311822,1b599fde23f8abfa9aaa368b4f2326a2c0e56e6f246c89cf67955f964ce47003
2023-06-12,11224.69311822,c28bc9dce5a2804c8777b4a4492b94e3b062a4da07c16ba6f4e116a0ad7a9e98
2023-11-09,11156.35668407,4755c9e7594939f1f92c0cc5e1003f7d168a43c32f9be8797577ecb85f1a78bf
2024-01-16,11124.03085971,4a20f6b4b7ba60d19d171867c412840c7ec7121a913d040a0ad0f7b015728a25
2024-01-16,11124.02585971,4a20f6b4b7ba60d19d171867c412840c7ec7121a913d040a0ad0f7b015728a25
2024-01-16,11115.16708649,7573af550600d0606a5ee4a7450240d6e4a8aae1f95f9f5eea8a38daf53cbf29
2024-01-12,11083.64963998,c93cb36c3f2c8f35dfde40cfa58691995848f5f98c9d79333ddb769dcd5e751c
2024-01-12,11083.64463998,c93cb36c3f2c8f35dfde40cfa58691995848f5f98c9d79333ddb769dcd5e751c
2023-05-10,11044.2073149,2eef81e437e16f73e0118b3af8093c1b1261758e6110d6d3ed7ce31cd3acfe5d
2024-01-12,11042.01206982,baa831dd14eadb527d503b28e5aab6690a326f083d8a8b7837a817f23c6f4a65
2024-01-12,11042.00706982,baa831dd14eadb527d503b28e5aab6690a326f083d8a8b7837a817f23c6f4a65
2023-11-14,10970.26041007,1492f49f536eeea2fea6899734e360fb82c9fa4680482cc9c7019b2112d9db07
2023-11-13,10970.25749287,5bb692fd98f9b24de31ca59d270f4f032c4857ca0f46eda69311da65e7fc1c27
2023-12-03,10968.36740411,91435d33ff9e6acb2d7eea363fcc2811e67eae80d35b7a43b6df14a1c8189d72
2024-01-12,10915.928299,88667d68c58659d01c795100504a9da830e522c77e6bd90fbc2c5caea65bb962
2024-01-12,10915.923299,88667d68c58659d01c795100504a9da830e522c77e6bd90fbc2c5caea65bb962
2023-11-08,10879.20663279,50155dfa4f51b403590cc11a4328ce3542b54c18fff27233b9416310b8e91513
2023-08-14,10798.9383777,5cf3f2817a796d09f74b158caad3f60f90d424be24beb403e8feb8652de3f020
2023-08-14,10798.9383,5cf3f2817a796d09f74b158caad3f60f90d424be24beb403e8feb8652de3f020
2023-08-14,10798.9383,1e7816b273ff220063f5e17c292adf5ba548bbc9665a092b5884c067543ced15
2023-08-14,10798.9383,1e7816b273ff220063f5e17c292adf5ba548bbc9665a092b5884c067543ced15
2023-11-30,10796.41726007,022214f7f26ca014c582b27220c266f7eb329281fb00596cce82bb139f61a804
2024-01-12,10756.15178504,9f7733b65feb73c79346b362f3c95099249c1e4c8c7ce992a76007a7dfcf77c4
2024-01-12,10756.14678504,9f7733b65feb73c79346b362f3c95099249c1e4c8c7ce992a76007a7dfcf77c4
2023-12-04,10754.36740411,d25cf02824a3969a98ad26f4dc77c977d229a26c43dfe606eaef140a0b0736a9
2023-12-03,10754.36300923,91435d33ff9e6acb2d7eea363fcc2811e67eae80d35b7a43b6df14a1c8189d72
2024-01-26,10659.40088208,0b84c8b64a08a66d2bb3de513350777f7b8285bcf203e4834db20600f94a82c4
2024-03-08,10650.00013603,d7079323aeda0142d03701ac88edb13633c3bcaa763046290b0895a0b662c4f8
2024-03-08,10650,d7079323aeda0142d03701ac88edb13633c3bcaa763046290b0895a0b662c4f8
2023-11-03,10586.22651007,112cc70fd774ce70c72a4c73dcc4100ca0741b88e0cf96e8fb6e9a7cacdb49d2
2023-11-27,10531.62326007,67f7f45eae95a2cf464c03a08f0b4b07625990929fde319f96e192b1a38be3af
2024-01-16,10486.2018694,99e1df0e625c1afa4c7df0a336266defe7a88ee5bf3fa96fdba67aa062b0c154
2023-10-27,10421.10651007,3e6494371c4478718e4adb6e70f86e28bbfe15a8af77d79071c54fa9f4090bc4
2023-11-14,10418.65749287,708acab78eda7f15b648ec5fdba003923dfe0646bb7dc1aa52d4cf5c4d0d3c4b
2023-11-14,10418.65749287,1492f49f536eeea2fea6899734e360fb82c9fa4680482cc9c7019b2112d9db07
2023-05-17,10363.23213873,0cc8ecb908d65e00cd9381742f68e81381a2268014c8e1f94ebb18d1ddd65f76
2023-05-18,10363.23203873,93a5c2541816106c60f74eea6c9a4e1f4618af05deedf34d90164735f4127761
2023-05-17,10363.23103553,0cc8ecb908d65e00cd9381742f68e81381a2268014c8e1f94ebb18d1ddd65f76
2023-05-12,10363.22716233,7cfc79bfe88660951c0bb2f142d31e056f215ae0a87322002df0ee1b55e0f985
2023-07-01,10339.90754474,015da83523630e03c1b2892decfd866a0f1f325b983e75721598a600c0a27209
2023-07-01,10339.90513471,3e1c51b68b49bfe005a536f4031448346b423cf03195c83816761de948fc0d6b
2023-07-01,10339.90513471,015da83523630e03c1b2892decfd866a0f1f325b983e75721598a600c0a27209
2024-04-18,10318.99220467,f1affa429e4136fee826ccbfe1099180c133a0a10c36b5f3d47e7b58315962f6
2023-05-10,10314.8060054,beabbad65afc54c43d37024b67c4e547576c50db73e57da6c2f6ad885041916a
2023-11-30,10288.41726007,ceb1438e8140ee2918dea03f2f47955265242dce8f4ce6319cd9ba7640b41911
2023-11-30,10288.41393142,022214f7f26ca014c582b27220c266f7eb329281fb00596cce82bb139f61a804
2023-12-05,10272.36740411,4e89a20a2a5f3c3cf97953264002795b290c5f742de0b152036fd4f453c1e219
2023-12-04,10272.36613691,d25cf02824a3969a98ad26f4dc77c977d229a26c43dfe606eaef140a0b0736a9
2023-10-23,10246.77651007,4779549a854318538e11c13d13df020eed95c809b2465438e9064280fb7e5deb
2024-01-22,10208.81797414,423bf40022be5dce4fcbfcd3bfde0401443053574ead2d051a2365b86e2023fe
2024-01-22,10208.81297414,423bf40022be5dce4fcbfcd3bfde0401443053574ead2d051a2365b86e2023fe
2023-06-23,10205.4449,eb809780225acb57a6e4bc323964d1aa9fbc63665111010cf7e33b41dfea78fe
2023-06-16,10205.4449,83ed44f27d8aa2770fa52e5eaa3cd4af4c49f5124e2293226a0101bfb0d0cc1a
2023-11-16,10042.63941007,65dfb2b5767be360cf5624bedaa8a71184b3c3f9f6ece495db66004d939c1fca
2024-02-29,10034.28108817,d706b9110457312013a6d134f27b840d341f334e767a4105b13fc225410a434a
2024-02-14,10034.28108817,99383ea19fdef637d4219691be6fe3d50389cb1ff0165b63c3037927da2b3fff
2023-11-03,10031.96484597,4b2db483467a7a7107ed699d74d5382d3ffe600118e5f02869d8909ab57f4b54
2024-01-25,10029.05074246,8ac8edf75ace4fa172a588e2817c1c6fb507969e8a8f6fb8c6481060c4077940
2023-11-03,10026.22543007,112cc70fd774ce70c72a4c73dcc4100ca0741b88e0cf96e8fb6e9a7cacdb49d2
2023-11-27,10014.62326007,a7910fb7f991f23b20aca8e4763b0f1efd5827a638777720bfcf6d99aa6f4d25
2023-11-27,10014.6163055,67f7f45eae95a2cf464c03a08f0b4b07625990929fde319f96e192b1a38be3af
2023-05-18,10010.33839446,bfb77731ab5a38c554ef859bce1fed9067ae7a50302dc2c8bdd77cfa396ff960
2024-03-13,10000.00099891,4dda9316f835f65bbf6efdf40c7cc39541c1f84f2f48b88b57473dbee088fbed
2023-12-29,10000.00083625,1b0253d055d05b7c821a6ca4adac57656779083d24c863f5ae372e0b5538ce2a
2024-03-26,10000.00052266,d757bf96a0599917b7e455f0e63a676b1a7005015046e6ca30cca3a6b4251271
2024-03-01,10000.00049987,f7157576465030af74838612f8f08f7bf38919fc883feac7149b271d23346ba3
2024-03-26,10000,d757bf96a0599917b7e455f0e63a676b1a7005015046e6ca30cca3a6b4251271
2024-03-13,10000,4dda9316f835f65bbf6efdf40c7cc39541c1f84f2f48b88b57473dbee088fbed
2024-03-01,10000,f7157576465030af74838612f8f08f7bf38919fc883feac7149b271d23346ba3
2023-12-29,10000,1b0253d055d05b7c821a6ca4adac57656779083d24c863f5ae372e0b5538ce2a
2023-11-09,10000,a3d86d98c26fca84f5eec7bb583e1c88879b1ce6f6b60826676d422e5c91d71e
2023-11-09,10000,9d5c32d043f7d9a263a4dd1eb6361cdc65688a6223faa4baf8cb0e940c5aa0a1
2023-11-03,10000,4b2db483467a7a7107ed699d74d5382d3ffe600118e5f02869d8909ab57f4b54
2023-05-19,10000,3a535fb2c525a968f64d3e2ec3a740374d41167fd849142d7701722278248ce4
2023-05-18,10000,bfb77731ab5a38c554ef859bce1fed9067ae7a50302dc2c8bdd77cfa396ff960
2023-05-18,10000,93a5c2541816106c60f74eea6c9a4e1f4618af05deedf34d90164735f4127761
2023-05-11,10000,e01713a540d4b47302ff028c32fe2c6c65248ab259e2f3e625396b3550bd5ab9
2023-05-11,10000,5ddc69789772c7e3e3b506786141f7eb9f0d37aad2b4a6ae2d348ea14f8444b9
2024-01-16,9952.49766166,8bb7c4a691e4ef51c288da69e33e5f39d6f3553344bfa9b4a6301c8d2347220a
2023-06-21,9900.09834101,f0f3c5db98ee761d167113bc7b72f080c2e45e2a009919870a26a9775df9679e
2023-10-02,9895.36977012,0f09c16814b3ce9ccb8bf439a5c3666f168a502b4026a30d7bbde93496ec4244
2024-02-14,9886.59799675,8a19a299e42536733a86f23a264cf6e433f931a0b1e1f2bbbee80afbdb821fc8
2024-02-15,9886.59789675,79efff8d921cb550c071224974812a8db48ff5f89e7ef852723cc078bd75ea6d
2024-02-14,9886.59780843,f2f938ee5074125b7c47b67b86abae19611edeae44865cdd5b59836aac1fd159
2024-02-14,9886.59769559,8a19a299e42536733a86f23a264cf6e433f931a0b1e1f2bbbee80afbdb821fc8
2023-10-24,9883.57651007,6f0a6ac296dba2ffcaa24baa2c3babb5a6f92c054d3de44f6f53f4a41d7d54c6
2023-10-23,9883.57594676,4779549a854318538e11c13d13df020eed95c809b2465438e9064280fb7e5deb
2023-12-24,9872.68314284,2d9668553c08b99520a7f1a40dd04d1b9e1e086776e8519f51acfa5ae80c1949
2023-12-24,9872.65720373,2d5a1eedaaa3890b673e433d54e5c696b49eedeec957cf930f55d88c33b40576
2023-12-24,9872.65720373,2d9668553c08b99520a7f1a40dd04d1b9e1e086776e8519f51acfa5ae80c1949
2023-11-14,9867.21041007,5efcf5047ca33f0e40973e89c4b4baaaab2bb0f4389142091526e6da64a5a5e0
2023-11-14,9867.2057757,708acab78eda7f15b648ec5fdba003923dfe0646bb7dc1aa52d4cf5c4d0d3c4b
2023-10-27,9832.58651007,af1ddc6d90b8c68e19aba092aa8e0ea07d69508cace5c9f590fbf3926b60ff31
2023-10-27,9832.58528787,3e6494371c4478718e4adb6e70f86e28bbfe15a8af77d79071c54fa9f4090bc4
2023-05-10,9819.02,0d3873d4a9e5b31156605143f27b84a503d69f70df46b31576bc26f7a6c947ae
2023-05-10,9819.01814463,0d3873d4a9e5b31156605143f27b84a503d69f70df46b31576bc26f7a6c947ae
2023-12-05,9812.36740411,bce1cf865f38b7fb2287dcce23fd4c948bf53af92b155a2ea0216a3bea6714f2
2023-12-05,9812.36501491,4e89a20a2a5f3c3cf97953264002795b290c5f742de0b152036fd4f453c1e219
2023-11-21,9809.30574392,8bc0beeac020705e005ab6f30fb72fc80bcdc9a933d32be5815abd1b42bce326
2024-05-02,9786.239329,444af71d8ccbfae58f00510476a80bf4689a385a3f5fd7a9d8c645447f5819f4
2024-05-02,9786.238,444af71d8ccbfae58f00510476a80bf4689a385a3f5fd7a9d8c645447f5819f4
2024-01-26,9783.80656048,e307f920f42829524f4b26c06bcc9bdba675ecd2da05504ae467fe43f3d72351
2024-01-26,9783.80156048,e307f920f42829524f4b26c06bcc9bdba675ecd2da05504ae467fe43f3d72351
2023-11-30,9780.41646807,ceb1438e8140ee2918dea03f2f47955265242dce8f4ce6319cd9ba7640b41911
2023-10-11,9775.04529461,1d2cb5bbadf21f38e912160af41b7a769ae65c3263db905411076349cf9fc210
2023-12-27,9723.688729,af901a87bbb38f2b6ca09fb83e43eee1ee5a17ebc07db490319690c850f60c7d
2023-12-27,9723.66885379,d94c1474836c63bbdeb0f24cc0f53563eaebfc548400f368777d5d7f990332bd
2023-12-27,9723.66885379,af901a87bbb38f2b6ca09fb83e43eee1ee5a17ebc07db490319690c850f60c7d
2023-05-11,9714.38639688,e01713a540d4b47302ff028c32fe2c6c65248ab259e2f3e625396b3550bd5ab9
2023-12-27,9624.66362865,1485189fe37e7aaa350e361e723dc5b3721356f22f01b49a3aae133284027664
2023-12-27,9624.64433547,78cef896bbaf07a787054d90e01b8c8c49f6fae651f6eebb914e3e4e125dd983
2023-12-27,9624.64433547,1485189fe37e7aaa350e361e723dc5b3721356f22f01b49a3aae133284027664
2024-01-19,9601.4456235,cc6a53f2b1da12c8c95b9676dc01b4c4bc21012c97f0cf47a7dc1b28f780e78b
2024-01-19,9601.4406235,cc6a53f2b1da12c8c95b9676dc01b4c4bc21012c97f0cf47a7dc1b28f780e78b
2023-12-12,9600.00073784,8529cd9f8ee4c9c8eaa9b1ed0f8c15a180b463142fff81cd7f910ed62c5b93d6
2023-12-12,9600,8529cd9f8ee4c9c8eaa9b1ed0f8c15a180b463142fff81cd7f910ed62c5b93d6
2023-11-27,9501.62326007,a2f813871f811ae05bd9c9bed4c7bd4a293e21349450089c28f408348923b701
2023-11-27,9501.62216447,a7910fb7f991f23b20aca8e4763b0f1efd5827a638777720bfcf6d99aa6f4d25
2023-12-31,9500.010572,fb6d76868fc25c5f05f4453595f2b195382488f37325b2993c4d65bc17b9123a
2023-12-31,9500.00179,62adacb92ab49217da0f132984a95744351f084e2ef49e7ddf51c80edfc365b4
2023-12-31,9500,62adacb92ab49217da0f132984a95744351f084e2ef49e7ddf51c80edfc365b4
2023-12-31,9500,fb6d76868fc25c5f05f4453595f2b195382488f37325b2993c4d65bc17b9123a
2024-03-26,9468.256652,b2a1c8376cb7e131e94944ea23a44eed08e09ec552e3f510700780f87f145f35
2024-03-26,9468.25517,b2a1c8376cb7e131e94944ea23a44eed08e09ec552e3f510700780f87f145f35
2024-01-16,9445.33468229,765f529f8ac1c90c38a6328fac0abf1965b40a0135beed4fface2076910eec21
2023-09-23,9433.00621078,223fa32003197060e83c0592c310f135861624f9145a4b2d2924b1025dc13b41
2023-09-23,9433,223fa32003197060e83c0592c310f135861624f9145a4b2d2924b1025dc13b41
2024-04-02,29799.99012413,b614dd2e0fa06d776ee4d45973fab5ceb6e2dfebfb84e5f7bd45ef0975455240
2024-02-23,26139.38978277,80f4c71605a220a7e7c22ba46eaf6687f1748034918409297235f197176922c1
2024-03-12,26139.38974287,88ebf4c7dcfe35114bc0908691a5c990623bd77dc5eed8927636f2fbb321d9f5
2024-02-23,26139.38974287,80f4c71605a220a7e7c22ba46eaf6687f1748034918409297235f197176922c1
2024-03-12,26139.38869971,88ebf4c7dcfe35114bc0908691a5c990623bd77dc5eed8927636f2fbb321d9f5
2024-01-30,25266.38136894,327e4af5679fc793ee8f90ac06ee7a8bfc515659dfab3a95f603e6f8a9d0324b
2024-01-30,24606.42017678,327e4af5679fc793ee8f90ac06ee7a8bfc515659dfab3a95f603e6f8a9d0324b
2023-08-18,23798.9383,3118daca8415b4352ef44281b0d006b8534daea41212994a6d62f145ca2a2b04
2024-03-07,23788.65374538,14daa5918f778ea222c6697d1d8e2f9cdfaff3d61b2492b10dc1e3dbdc2265e8
2024-03-07,23785.65374538,f20ecb1e0b4ad26577f655e257e33cf07aaec5590d131cd23057ae96b6acb175
2024-03-07,23785.64699592,14daa5918f778ea222c6697d1d8e2f9cdfaff3d61b2492b10dc1e3dbdc2265e8
2023-08-23,23348.9383,44b35d00b1e4528923479aa29bab397a12b58d0e7d768a9364f6e34c27bac37f
2023-08-18,23348.93776918,3118daca8415b4352ef44281b0d006b8534daea41212994a6d62f145ca2a2b04
2023-05-11,22863.23213873,5ddc69789772c7e3e3b506786141f7eb9f0d37aad2b4a6ae2d348ea14f8444b9
2024-03-07,22715.65337302,f20ecb1e0b4ad26577f655e257e33cf07aaec5590d131cd23057ae96b6acb175
2023-08-30,22613.9383,1a7a3c9a68bf1fcd041d443b870175f4b84efd25fd6426270389cc849bd0e1db
2023-08-23,22613.9381152,44b35d00b1e4528923479aa29bab397a12b58d0e7d768a9364f6e34c27bac37f
2023-09-06,21978.9383,578e990696869eb381ee89699d7f0f0f541669c4e3001c9bd8ad0114aa3c6383
2023-08-30,21978.9381152,1a7a3c9a68bf1fcd041d443b870175f4b84efd25fd6426270389cc849bd0e1db
2023-06-17,21181,1bf9c6afcaa5d26e820c72b9b5a60ca81a62aaae9e6edeb184c89ad0ab44b48d
2024-01-18,9424.54587432,b19d87c13aaf032996f1b609c66a52a824405f63ce92ace029db0e592d3ccfb1
2023-11-15,9417.11041007,223211baf0aa5ae58e91b2fc47a91bf8a206ac8aba37cd0368be79e4f9903aeb
2023-11-14,9417.10852844,5efcf5047ca33f0e40973e89c4b4baaaab2bb0f4389142091526e6da64a5a5e0
2023-12-05,9369.36489611,3b988258e12f0dc33a27f322d8a731ac164d21e4f203bb356faf6c35f9559a5e
2023-12-05,9369.36489611,bce1cf865f38b7fb2287dcce23fd4c948bf53af92b155a2ea0216a3bea6714f2
2024-01-16,9352.90909381,99a973999d7d7c0e56d9d203e703febe5b147c52487addbb5cce3a2012b63b2c
2023-10-04,9338.05601007,828ec578516948bb0d68c02525edafc1f5f59829eac69f5461910c364e78ccc9
2024-02-19,9322.48391186,d821245208c3bebdebfa955fba317f1c3fae70e014e12690314a01abc50a5815
2024-02-19,9322.48078932,57599b71ff47aab372257f2a7cf364270fac29f05cb5f446a3f9d75bd7e953d2
2024-02-19,9322.48078932,d821245208c3bebdebfa955fba317f1c3fae70e014e12690314a01abc50a5815
2023-10-11,9315.18416085,1d2cb5bbadf21f38e912160af41b7a769ae65c3263db905411076349cf9fc210
2023-06-06,9302.46353895,d9d46c1918a86b7c24a594084306970cee0645bfb2324ab2820fb04ee1db6841
2024-02-15,9297.12394882,e7c0d01deafeb0860347d4950080c262d1c57c939fb543db0c3760da38838cc6
2023-10-24,9283.34651007,b55513f43bcb4b5e968e4307bae44a648ea63481b949526e9c62369f16a72df0
2023-10-24,9283.34624607,6f0a6ac296dba2ffcaa24baa2c3babb5a6f92c054d3de44f6f53f4a41d7d54c6
2023-12-31,9192.145079,fae2ebcd98058842b30f1df8b6d0d7a9c749cfe6fb17c05539b6bc21bccdfad9
2023-12-31,9192.131,fae2ebcd98058842b30f1df8b6d0d7a9c749cfe6fb17c05539b6bc21bccdfad9
2024-02-19,9162.1210374,467a2a3b98cfd96e86b370d921a95a972c7630c0da252f015e44c6fb4e9610e2
2024-02-19,9162.11818918,c64794f0f694aa508f5e85e073ecbf5af4408210341cdc5c5b3ac8f94ac45b1f
2024-02-19,9162.11818918,467a2a3b98cfd96e86b370d921a95a972c7630c0da252f015e44c6fb4e9610e2
2023-06-11,9044.8151011,89fe56c2d0f2c8cb62e0c70d3ce25a8ea5107c895064d9c6fcdb0a2dd85a5f17
2024-01-31,9030.62074955,abe04eda5f60d630b7a221fe538f30117eafd729490c7b42513fc9c747b77690
2024-01-31,9030.61574955,abe04eda5f60d630b7a221fe538f30117eafd729490c7b42513fc9c747b77690
2023-10-30,9022.58651007,0a5e56f6a84e8fd56417ee464beae3c153cf5ef2280a3116da59c74ff6971601
2024-03-15,9021.90223649,ee158eb1c6175b5d1b4cef5e4a1efdde136d1a2433e1655dacc68845b8551c9e
2024-03-08,9000.00045089,c035370710f00325f3f22c44c56a0f82e6517a700afb0d94aa45ee09df344281
2024-03-15,9000,913f1606eb192fbf92cc36b3477a50352b3af3e208b103d274922dda7a337762
2024-03-15,9000,ee158eb1c6175b5d1b4cef5e4a1efdde136d1a2433e1655dacc68845b8551c9e
2024-03-08,9000,c035370710f00325f3f22c44c56a0f82e6517a700afb0d94aa45ee09df344281
2023-07-12,8999.90799037,3c4e8e98890fa5c633d2a4f853751513e0a6558baa2318914eec73c727ef8316
2024-02-27,8997.44750411,0950dd60a958d1100a3a6a6b7fa438240ec7c26cf11ec3ef55727a38bebb6626
2023-11-27,8993.62326007,f62c8f29b89cb0d56be5ce450b86c17dfc3543d895fc366d2b16d49c75022010
2023-11-27,8993.62216447,a2f813871f811ae05bd9c9bed4c7bd4a293e21349450089c28f408348923b701
2024-03-13,8987.27750411,33c7eb08b8fb21e633756ba412c483fc08746be74b5fe9e0f1ae1ef93229d0ed
2024-02-02,8946.5368378,ddde6b1bd34256f49a8b63ea5bc26a8ed5d7b51ca3bfcddab716344ac8bc3b95
2024-02-02,8946.5318378,ddde6b1bd34256f49a8b63ea5bc26a8ed5d7b51ca3bfcddab716344ac8bc3b95
2023-06-11,8944.81079823,89fe56c2d0f2c8cb62e0c70d3ce25a8ea5107c895064d9c6fcdb0a2dd85a5f17
2023-12-05,8938.36489611,e3b6c696a623f1320cc8952aed675cdc049003a6d68a2840c2085d51c2716523
2023-12-05,8938.36341981,3b988258e12f0dc33a27f322d8a731ac164d21e4f203bb356faf6c35f9559a5e
2023-12-31,8921.904412,e7fe162d5895cef38135dee5d6d9ab43cdd85623598a61c672f38cacabcf35fb
2023-12-31,8921.90293,e7fe162d5895cef38135dee5d6d9ab43cdd85623598a61c672f38cacabcf35fb
2024-03-31,8908.94695727,6e8e388cc25d0cd2905c14b88d139b947e6035a08427a88ba9ad5788d5a48749
2023-12-31,8888.88992088,2bd6a69a87243756d97d886a97788098d8d35866a8e307919e950c694b10c5d2
2024-03-31,8888.88888888,6e8e388cc25d0cd2905c14b88d139b947e6035a08427a88ba9ad5788d5a48749
2023-12-31,8888.88888888,2bd6a69a87243756d97d886a97788098d8d35866a8e307919e950c694b10c5d2
2023-11-15,8865.51931447,223211baf0aa5ae58e91b2fc47a91bf8a206ac8aba37cd0368be79e4f9903aeb
2024-01-16,8859.17627497,547e6bc68e8eee0d7114b8d62ff355dd7270ce65f5001dc74f210dab56834c7b
2023-12-30,8856.67793192,f4248d8d5cadbb5a481560d28ceccec0a6a20dfac253cdcd16c86511ffdd6bc9
2023-12-30,8856.661,f4248d8d5cadbb5a481560d28ceccec0a6a20dfac253cdcd16c86511ffdd6bc9
2023-06-26,8844.63102779,423ffc61c54e3650c297cfa880160ebb78822c6c9915fa5cb23603080c292f1e
2023-06-28,8844.62952779,c2cc082ff218d160f1331b0878ac9c210aa14b2f981bbec7474e059f9460f335
2023-06-26,8844.62952779,423ffc61c54e3650c297cfa880160ebb78822c6c9915fa5cb23603080c292f1e
2023-06-06,8802.46338663,34053f2997d2713cc2f7f9dd4d5d27da518ce2377b70eeb922b2db9fa0b12ac5
2023-06-06,8802.46338663,d9d46c1918a86b7c24a594084306970cee0645bfb2324ab2820fb04ee1db6841
2023-10-24,8735.34592927,b55513f43bcb4b5e968e4307bae44a648ea63481b949526e9c62369f16a72df0
2024-03-23,8734,3ca2188e9805310b0cc9d57b2fb800efeb74a6eeb6f616bac864f887fe4e74c1
2024-03-15,8729.13923636,539a3a330bdbb6ec8f2c0c8074a445f3c39f87c63494ceb7db4f8eb5970d13a9
2024-03-15,8729.1368,539a3a330bdbb6ec8f2c0c8074a445f3c39f87c63494ceb7db4f8eb5970d13a9
2023-12-06,8691.49240411,a5c2d3626051d6c053cc5a6d83d0b3cfc952a0c69bbcaf32357c633f71479f26
2023-07-06,8678.14595547,7fcf2cd5bdd57d98f2eed539c7dd94d70842f5ee1724f5bcf356ced740cdbd51
2023-10-04,8636.25601007,6eaf6424e1393b5e0e86d2813e9c882bc27d83a4418f3a5bf6a6ad23f8482afb
2023-10-04,8636.25374774,828ec578516948bb0d68c02525edafc1f5f59829eac69f5461910c364e78ccc9
2023-07-15,8599.84595547,8f8810891b54f119991e422d3a753efdc5b48f10b3cb2a426196125457172232
2023-06-15,8552.46323431,c9a485e882ed666bf47edff1f3313b2d53e7943d0a94b34ba72e55cc12b75d86
2023-06-06,8552.46323431,34053f2997d2713cc2f7f9dd4d5d27da518ce2377b70eeb922b2db9fa0b12ac5
2023-11-16,8502.63941007,9b72e069a62907fc1aca4731f4c1610318a54fc9ca067fac197c46bbe8159cb1
2023-11-16,8502.63054039,65dfb2b5767be360cf5624bedaa8a71184b3c3f9f6ece495db66004d939c1fca
2024-03-21,8500.20447209,600abfab3f64c286baf6b0d8eefc082544be88dca9c518c56d3769feb321e48d
2023-12-05,8489.48713731,e3b6c696a623f1320cc8952aed675cdc049003a6d68a2840c2085d51c2716523
2023-11-27,8483.62326007,926af88c45c3d627abc766be17cdc3a7f382aa132b5a0e36cc5ef6cbfb1c8697
2023-11-27,8483.62225687,f62c8f29b89cb0d56be5ce450b86c17dfc3543d895fc366d2b16d49c75022010
2023-10-30,8473.58622135,0a5e56f6a84e8fd56417ee464beae3c153cf5ef2280a3116da59c74ff6971601
2024-02-15,8386.59770843,79efff8d921cb550c071224974812a8db48ff5f89e7ef852723cc078bd75ea6d
2023-06-01,8357.36401499,236bfd38da1f8496f786e02b8d0cf0f17bc961af030ee0e29f552ff0c506e108
2023-06-01,8357.36301499,cccbac4601db9eddbd8bc67015085fa893a350b5f5f2b7d29e21238f6ef80ec2
2023-06-01,8357.36218339,236bfd38da1f8496f786e02b8d0cf0f17bc961af030ee0e29f552ff0c506e108
2023-10-18,8353.12651007,3d6e9c884e45e95578b5874e9b254fd07f4a395a04e4d5612cae3e1cf08c958d
2024-02-12,8339.18750411,e1c4764fdb64033ebaa3d85b8e0a6230a92a2be66cdbfa0618eecabdb10bf085
2023-12-11,8321.52240411,c3d9ed9c694bc97d380617cb4152064cd77c079556328d15c777ffb093901b9a
2024-01-31,8275.2425,753bc47f95973c1836473c4d60431a9f9bdf763b3a1454d6de6dd9686f00c12f
2023-12-29,8275.2425,236993fd4c983fb3364b3a865e77c6c0f57b3319ef100d4ce84f54e8163bf239
2023-12-29,8275.23406148,236993fd4c983fb3364b3a865e77c6c0f57b3319ef100d4ce84f54e8163bf239
2023-10-10,8254.05601007,5366dbe99b4e7c31b22dd1cb9fece143d1a4734c4d6733544a384f4feb14ed3a
2023-12-06,8246.49240411,52c63774270368da9d9f0126faf5152e7b30b22ba9f35f9f9969da33ef1ffccf
2023-12-06,8246.48626881,a5c2d3626051d6c053cc5a6d83d0b3cfc952a0c69bbcaf32357c633f71479f26
2023-07-12,8200,804387823628e0734f3925ffc29e7d3208a8ee2f898dd7ae0b784b79cc9d8979
2023-07-12,8200,3c4e8e98890fa5c633d2a4f853751513e0a6558baa2318914eec73c727ef8316
2024-02-14,8185.91701928,d7514946ee416ce7e329060f738de354a3aa958264fe0c6ba8784fda973cc0b4
2024-02-14,8185.91701928,fd226c13e9dd5738ae391ddb82698bbeb54d84b2c3556303934828ec1122d2aa
2024-03-06,8177.34750411,971767ccaeafd029b96a985c6381b42934a311760cd837b31ec6658ed98dc143
2024-03-17,8176.12488626,315f1fba940f855651920eb3607006a9cae28637aaf7e3b13bb4a3c8672fc259
2024-03-17,8176.12132182,9fe4c349ed233e77d35f77f326bddf5435c97a48048b6e17e7c75ff92d23995e
2024-03-17,8176.12132182,315f1fba940f855651920eb3607006a9cae28637aaf7e3b13bb4a3c8672fc259
2024-03-01,8175.34526703,fd7a5eeb6bb243a5c0a2aadcdd2a1c18dbcce5e81193fb03df96773afab47e4b
2024-03-17,8175.34525792,f4a39c329c5808695d16554fb8cc360eb48b2acc231e3d187fa8c0b8b6929a2f
2024-03-14,8175.34525792,16f9c12695df6a6b688738ca9229679235283823ed5e667f2d38b2fdef79fed6
2024-03-06,8175.34525792,b4d61083b500616516aaec5cc743c91620429248095028a3e2c6cb7edea8f841
2024-03-01,8175.34525792,3449df3f1f9747d05928a9ac0a60e1e76547dd77e297409c34d61ecf60aff8d6
2024-03-17,8175.34151904,5800448d5dea803d72f21cd7bb2cbfa0d6ab9c851d7a7f380ebc10641231685b
2024-03-17,8175.34151904,f4a39c329c5808695d16554fb8cc360eb48b2acc231e3d187fa8c0b8b6929a2f
2024-03-14,8175.34124148,a4ddd807ef8ebf8636893fce0740c90ebecf4ed2e5b9ca7dc73d95f06d0dab1e
2024-03-14,8175.34124148,16f9c12695df6a6b688738ca9229679235283823ed5e667f2d38b2fdef79fed6
2024-03-01,8175.33758516,1f13a8584abb1c4db37c4b9fe2e58c11034b7de9bab709068a71f2f5c71d0be0
2024-03-01,8175.33758516,3449df3f1f9747d05928a9ac0a60e1e76547dd77e297409c34d61ecf60aff8d6
2024-03-01,8175.33708528,a10b04a63edb65bf98ebae548e3475876fbf7cedb409373f704f2f9a5cf70e68
2024-03-01,8175.33708528,fd7a5eeb6bb243a5c0a2aadcdd2a1c18dbcce5e81193fb03df96773afab47e4b
2024-03-06,8175.3358021,03daae01cfd822b2238b45f81cd30240b14ff5b4732ce84d8e0ba872b62e5552
2024-03-06,8175.3358021,b4d61083b500616516aaec5cc743c91620429248095028a3e2c6cb7edea8f841
2024-03-22,8172.51336484,2b5c7078416198a18b97ec3587c767798422bc58ed4f3e8fd81d557a5048c768
2024-03-22,8172.50910685,d331fcaad9754c44ec626ed2608aed4feaeb6f360e72d6f8e1fa33954d24ac66
2024-03-22,8172.50910685,2b5c7078416198a18b97ec3587c767798422bc58ed4f3e8fd81d557a5048c768
2024-02-14,8145.63559865,fd226c13e9dd5738ae391ddb82698bbeb54d84b2c3556303934828ec1122d2aa
2024-01-06,8143.39004002,2423ce7faaadfa6cac64ea60a0cc13ba42ed0daadb1d13c8a6987e60278bea18
2024-01-06,8143.384,2423ce7faaadfa6cac64ea60a0cc13ba42ed0daadb1d13c8a6987e60278bea18
2024-03-22,8136.7900322,0a54c4ce8e2e5ceb3cd98f9b5e0707b8656f9362bb31c8f201278aa91a369b65
2024-03-22,8136.78590874,6f342c67009ae224c31045aff38c5860bf1631a83c323654c747fa58c1ee7723
2024-03-22,8136.78590874,0a54c4ce8e2e5ceb3cd98f9b5e0707b8656f9362bb31c8f201278aa91a369b65
2024-03-28,8116.00520764,f719e24dd3c5664ed1d5db185b8b86d61c02b3625417a15a1b98a9376d2283b2
2024-03-28,8116.0015592,f7298e7adedc7ec2f6847651a725d6cdcfe574a028f25b3de85bdb91d53c4cc8
2024-03-28,8116.0015592,f719e24dd3c5664ed1d5db185b8b86d61c02b3625417a15a1b98a9376d2283b2
2023-07-17,8105.48595547,32344f6ef13ff7c01b812db08c13a883becfe1badbfe21d818890dc3a76f93e2
2023-07-17,8100.25059661,51f6708df9adaff261fcce5369baffab7f448c9730fff5fb2055d6e1335c45e2
2023-07-07,8070.14595547,47cb81a48fff6c9dab32a96721d3ff04e11ed129c30bb30475dd3798884d4748
2023-07-06,8070.14467297,7fcf2cd5bdd57d98f2eed539c7dd94d70842f5ee1724f5bcf356ced740cdbd51
2023-10-18,8052.46315815,86c360fb5017b95a5676d115a98c199e74f6e96c6d3baab97c5a43552fc2bfc1
2023-06-15,8052.46315815,c9a485e882ed666bf47edff1f3313b2d53e7943d0a94b34ba72e55cc12b75d86
2024-03-01,8046.65780334,2f6545dc551335141ddd886c044dbb9f4deef5624e506fdbca4a8016c907a24a
2024-03-01,8046.65280334,2f6545dc551335141ddd886c044dbb9f4deef5624e506fdbca4a8016c907a24a
2024-01-23,8015.78956539,1c90d3068b3e4d6805a998b239349fffe8c018b8ac522ac1b49178c25c95e432
2024-01-23,8015.78456539,1c90d3068b3e4d6805a998b239349fffe8c018b8ac522ac1b49178c25c95e432
2024-02-19,8009.64352448,e304f91e71a4475a47be081fa8a27b534f38c1eef062b4e2bc35e696255ad134
2024-02-28,8000.00037037,e7dc053015bcb7d344fb2d7d112d4156e056210f6812e5f40bd3d9121f5a0d49
2024-04-28,8000.00031,6ef966845d08592d64d2c83801a12842a7f235ae0f1fe03420c93bd8a4bc9673
2024-03-31,8000.000217,282a892884e3f471345d0f58d88df0dc9923d5681f94e0b65ff3f803f0c9626e
2024-04-16,8000.00014599,61f8549944ab35beef578393949d0a134706925c61d3e0cadb1319b5dfebd474
2024-04-01,8000.00009033,065e0f00b18fcd45b22714072cab4101a9b8bf4f68e7fe80e7be1bc59d3a5040
2024-04-01,8000.00009033,f0fe53f5693046d01d8833d47c3e60988c390b254bd484428c94cc15091e9acf
2024-03-28,8000.00008256,8c51b528f8d09c7975d06e6ff4752657267af34aad6c07daa4baa602901cb70b
2024-04-28,8000,6ef966845d08592d64d2c83801a12842a7f235ae0f1fe03420c93bd8a4bc9673
2024-03-31,8000,282a892884e3f471345d0f58d88df0dc9923d5681f94e0b65ff3f803f0c9626e
2024-02-28,8000,e7dc053015bcb7d344fb2d7d112d4156e056210f6812e5f40bd3d9121f5a0d49
2024-02-19,8000,e304f91e71a4475a47be081fa8a27b534f38c1eef062b4e2bc35e696255ad134
2023-06-29,8000,1347c89da2b3517d99831497328ddb261de10560a575117e824a5b6c58e45b6e
2024-04-01,7999.99788297,d91a554835e3a927aecabdf0d970799d7475c81ac7a6cff00f77039c60ab1442
2024-04-01,7999.99788297,29a8b0a367f7346589ca8da4e7674d411c615c27dcdda894578bb55de7d7008d
2024-04-01,7999.99788297,065e0f00b18fcd45b22714072cab4101a9b8bf4f68e7fe80e7be1bc59d3a5040
2024-04-01,7999.99788297,f0fe53f5693046d01d8833d47c3e60988c390b254bd484428c94cc15091e9acf
2024-03-28,7999.99668023,93d7129b69877a1c81b46c0b0918a32ee61f7a6bb4abe23da8caef5f237ab123
2024-03-28,7999.99668023,8c51b528f8d09c7975d06e6ff4752657267af34aad6c07daa4baa602901cb70b
2024-04-16,7999.98297253,aae52e9cdefa6cd8e4cb920667ac3b10f5f656b94763dc1467898f50f4103d88
2024-04-16,7999.98297253,61f8549944ab35beef578393949d0a134706925c61d3e0cadb1319b5dfebd474
2023-11-27,7983.62230967,926af88c45c3d627abc766be17cdc3a7f382aa132b5a0e36cc5ef6cbfb1c8697
2024-04-17,7979.52211448,da753e30ce3d825fa0040cd0fb65fa3599ddfdf725ec211ce2b3dcedd2af0dc8
2024-04-17,7979.51211448,da753e30ce3d825fa0040cd0fb65fa3599ddfdf725ec211ce2b3dcedd2af0dc8
2023-10-05,7955.75601007,f0239d560d4be0af36bba78c83f54dbd00e1a6e46f5f953dfe9e7463dc13953f
2023-10-04,7955.75562727,6eaf6424e1393b5e0e86d2813e9c882bc27d83a4418f3a5bf6a6ad23f8482afb
2023-11-16,7950.74941007,cc6ecf94cf5bb77a24ab70b24675ef63f86089020b81bab8cb3249e1dd71deaa
2023-11-16,7950.74605727,9b72e069a62907fc1aca4731f4c1610318a54fc9ca067fac197c46bbe8159cb1
2023-11-21,7924.05321007,f7679355e953bf458a00164dae9a13c867ba13e6b6afbdc4fe1c5dcb124bbd1e
2024-02-06,7910.24193166,54b07b5c5051c9ec57da639562edb14c093cfb0f2e26bd08dae740d1477f7b85
2024-02-06,7910.24193166,f50efb69925ac342043afa42880a2e0e983d357fc4f1c1851950a47918d69338
2024-02-06,7910.23930372,d6e8be24a399a36ef889e713d52c7ad46713d54788f5d769c0743a023d141339
2024-02-06,7910.23930372,54b07b5c5051c9ec57da639562edb14c093cfb0f2e26bd08dae740d1477f7b85
2024-01-12,7910.228455,8fe8ec24faaa774267444dc8faae714b4a26cdebd6d059ffb15dcefda26cf921
2024-04-06,7910.224,0c6d914a58f391cb72692ee3f8094ec9d6091c00a49124c8c4e37127b7079d3c
2024-01-12,7910.224,8fe8ec24faaa774267444dc8faae714b4a26cdebd6d059ffb15dcefda26cf921
2024-03-13,7896.52080359,34e39da617057e8ef79587a474cfaf7ef20bf8ab5932cb2186a21926ea8ab33b
2024-01-18,7891.86831946,35c7597dd0e81469ce1bf2126a13aa2a09767148ad9e88e293f3c249c3c7c51f
2024-01-18,7891.86331946,35c7597dd0e81469ce1bf2126a13aa2a09767148ad9e88e293f3c249c3c7c51f
2023-12-11,7879.52240411,22c122052eeb69bf4b8de73e54eeabf795f26c1256c56e79cab9f18f4e5476cb
2023-12-11,7879.51106576,c3d9ed9c694bc97d380617cb4152064cd77c079556328d15c777ffb093901b9a
2023-07-06,7863.23204539,ada3befa2fd07262305804cdebdfb5353a3dda46dee2f653ebaa90326709276f
2024-01-14,7857.8169716,ad0df45d55e4093f0adce1b355ba6414c5f95b6fe26eed95e768e4f0260297e1
2024-01-14,7857.8119716,ad0df45d55e4093f0adce1b355ba6414c5f95b6fe26eed95e768e4f0260297e1
2023-11-22,7840.08321007,657e5683bcb4a9de0cb2671aed3454edfeebab1edb695ea5ea114a1d7a514ac5
2023-12-06,7805.48851011,cfaf79dfbd6e7e9e5f6cc1822e96d5134649562616807c2d363c346b38cad092
2023-12-06,7805.48851011,52c63774270368da9d9f0126faf5152e7b30b22ba9f35f9f9969da33ef1ffccf
2024-01-26,7798.79336625,c3044fd956270e27295a7935bbbe963ebba23e0dd41ce844921f29fecdbc47db
2024-01-26,7798.78836625,c3044fd956270e27295a7935bbbe963ebba23e0dd41ce844921f29fecdbc47db
2024-02-15,7797.12394882,c0347b4000d8397a88308c3583a4b6833d6f3a93d3ecb1fe5b080b319cf4f9dd
2024-02-15,7797.12372322,e7c0d01deafeb0860347d4950080c262d1c57c939fb543db0c3760da38838cc6
2023-07-11,7737.04595547,c4513f133e4f3d1296633bff56e6428938864162a0177da56c14de4e2402703a
2023-10-18,7708.02533701,3d6e9c884e45e95578b5874e9b254fd07f4a395a04e4d5612cae3e1cf08c958d
2023-06-25,7705.4449,4356d6c9d3464cd043140bb8b939ed27a3c79002c3ae87cd5f86346c9a87d56e
2023-06-23,7705.44461251,eb809780225acb57a6e4bc323964d1aa9fbc63665111010cf7e33b41dfea78fe
2024-03-18,7699.99896944,7d1fdb99a00d72251051811305def02872eca399eeb0df5c1bf6ee03f3b512a2
2024-03-15,7699.99896944,913f1606eb192fbf92cc36b3477a50352b3af3e208b103d274922dda7a337762
2023-07-23,7692.40369286,cd390f3e5dc47e62a11e0bc891ba4826030c85ec4262fb3fb43a02358fe4c0a0
2024-04-16,7690.54329498,8f081faaf5f648a10763e2129c890524bd8c5601894dcac7aa69c715ab390c0e
2024-04-16,7690.53329498,8f081faaf5f648a10763e2129c890524bd8c5601894dcac7aa69c715ab390c0e
2023-08-22,7690.40361704,cf20dc8f6efd5aca3de0c3abe92f2bb738926b688a778d854a90d9200ed9ccff
2023-07-23,7690.40361704,cd390f3e5dc47e62a11e0bc891ba4826030c85ec4262fb3fb43a02358fe4c0a0
2023-09-23,7688.40360143,9f3697626f9c3e911daf7df47178f58e8c7c9a1a28f9bf965d8f24a60a2aca82
2023-08-22,7688.40360143,cf20dc8f6efd5aca3de0c3abe92f2bb738926b688a778d854a90d9200ed9ccff
2023-11-03,7686.40354791,dc7bb204b6ae9fa69ab00b3969f8c786d1b4ae034aab32a78604f68ae76be0d0
2023-09-23,7686.40354791,9f3697626f9c3e911daf7df47178f58e8c7c9a1a28f9bf965d8f24a60a2aca82
2023-12-06,7684.90351229,d1780f7f5499141730f229fdcd97dfcea44dca46f6fac98058ceeeda9a23a11a
2023-11-03,7684.90351229,dc7bb204b6ae9fa69ab00b3969f8c786d1b4ae034aab32a78604f68ae76be0d0
2024-01-12,7683.90294508,b213ab085468f0b39890358cf067ab2b482473857af09e1eef3e3e331b527351
2023-12-06,7683.90294508,d1780f7f5499141730f229fdcd97dfcea44dca46f6fac98058ceeeda9a23a11a
2023-05-25,20054.53080513,939e78d35bcfca7d1994becf1e3fbd6ea687ff030a07e833dd9524ff46600f3d
2023-05-25,20054.5255,939e78d35bcfca7d1994becf1e3fbd6ea687ff030a07e833dd9524ff46600f3d
2023-12-16,20000.006489,8b9407219580299396b43c4fc62f1ef19fbe8ec39c91be17f64b93195bca791c
2023-12-16,20000,8b9407219580299396b43c4fc62f1ef19fbe8ec39c91be17f64b93195bca791c
2023-06-17,20000,1bf9c6afcaa5d26e820c72b9b5a60ca81a62aaae9e6edeb184c89ad0ab44b48d
2024-04-18,19248.99905682,3c5fcd94a92a3a6b8f6c81c9ac1256d384ed9d2c4f2f620d849a3348f7239726
2024-04-18,19248.993,3c5fcd94a92a3a6b8f6c81c9ac1256d384ed9d2c4f2f620d849a3348f7239726
2023-10-26,19035.04304837,8cb3f4b4b670843bd69f256cabecc00d08da70be7adef17bb43b986a2ac10eff
2023-10-26,19035.03344591,61fc2fe24046523f3db5653568d60cc73f36a736b5e43e0f4ddf46a10fa17517
2023-10-26,19035.03344591,8cb3f4b4b670843bd69f256cabecc00d08da70be7adef17bb43b986a2ac10eff
2024-02-14,18886.59818507,ebf8d2e70ab16785bfef5844506c1c21154b6ad09ce07e438a569d8250f9a89a
2024-03-08,18320.04340629,74eae3f8b0355f048e92cfc25d0f38647eacca106b1fcc8044e09ed8c755bc45
2023-10-26,18320.04340629,61fc2fe24046523f3db5653568d60cc73f36a736b5e43e0f4ddf46a10fa17517
2024-03-08,18320.04041671,8fb794cdb4d9bcd73a6faf4acf8d6ca034140c7e627e9307cb5ee7f75baa43a4
2024-03-08,18320.04041671,74eae3f8b0355f048e92cfc25d0f38647eacca106b1fcc8044e09ed8c755bc45
2023-11-09,17669.22657787,9d5c32d043f7d9a263a4dd1eb6361cdc65688a6223faa4baf8cb0e940c5aa0a1
2024-02-14,17386.59818507,aa5ea5234cadfd3580bb77b3e7dd9e1eb912b59a5035bdae337ce7f05deebc09
2024-02-14,17386.58944715,ebf8d2e70ab16785bfef5844506c1c21154b6ad09ce07e438a569d8250f9a89a
2024-02-14,16739.54992214,99383ea19fdef637d4219691be6fe3d50389cb1ff0165b63c3037927da2b3fff
2024-01-31,16554.8,c9359839d3582aac6f6b60f69d69224a3c63721cf97500eb5fee9b758fcc1a63
2024-02-06,7682.90257864,1a6f49333a86c48b4ba56cb7e6dd649acb761019fa7e3074c3196a097271ac7f
2024-01-12,7682.90257864,b213ab085468f0b39890358cf067ab2b482473857af09e1eef3e3e331b527351
2024-03-03,7681.90252066,08f730b31182db9ca0456ac184072aabf2d95505e615892c26ae493ada6c0f71
2024-02-06,7681.90252066,1a6f49333a86c48b4ba56cb7e6dd649acb761019fa7e3074c3196a097271ac7f
2024-04-03,7680.90248721,9b37e950509c525801329c133e9a3e5dd795cb032cef208382755dba66ab3154
2024-03-03,7680.90248721,08f730b31182db9ca0456ac184072aabf2d95505e615892c26ae493ada6c0f71
2024-04-03,7680.10243592,9b37e950509c525801329c133e9a3e5dd795cb032cef208382755dba66ab3154
2024-02-27,7669.22631401,c32ba83dfd865cbc14408056aa6294fa9feea8d8f0797898dc2291e499cced5d
2023-11-09,7669.22631401,9d5c32d043f7d9a263a4dd1eb6361cdc65688a6223faa4baf8cb0e940c5aa0a1
2024-03-13,7668.22469933,621d4524055182282471d2747c1a67a9d7f5d01a1fae0de3ce4a16b648535416
2024-03-13,7668.17049,621d4524055182282471d2747c1a67a9d7f5d01a1fae0de3ce4a16b648535416
2023-10-11,7654.95601007,0b099c86d00ecec896d5b93300c0a2dcbb6713b84579c0a00b3fc1602a3440ce
2023-10-10,7654.95553823,5366dbe99b4e7c31b22dd1cb9fece143d1a4734c4d6733544a384f4feb14ed3a
2023-07-15,7644.84498248,8f8810891b54f119991e422d3a753efdc5b48f10b3cb2a426196125457172232
2024-03-06,7589.10828458,fca6d5307855f62d87dda0b793b3bc041f5f962aa383e3fa37b51ab116666a71
2024-03-06,7589.10328458,fca6d5307855f62d87dda0b793b3bc041f5f962aa383e3fa37b51ab116666a71
2023-12-07,7549.34240411,739a43579b4483f331306366d83d5a84d36d9c437bb707377ab3a4a0e84daa87
2024-03-06,7537.1001878,18de1c745d6fbeba388c6a67714faec8e316b08e55ad043df356359dc57a41e2
2024-03-06,7537.0951878,18de1c745d6fbeba388c6a67714faec8e316b08e55ad043df356359dc57a41e2
2024-03-04,7521.36624825,680bde18dae7583dca2c40ca26ad957e5932117a544f48401039fdf54d2f7805
2023-07-07,7520.14574427,47cb81a48fff6c9dab32a96721d3ff04e11ed129c30bb30475dd3798884d4748
2023-09-29,7498.99380325,d92b879ec9d41e0d7b42a2b22e11df6b1fe1993c4b0f3073e640bca8a94599a3
2023-09-29,7498.993,d92b879ec9d41e0d7b42a2b22e11df6b1fe1993c4b0f3073e640bca8a94599a3
2024-01-17,7483.60795937,7436384f0ac2b4a4be84ddc94efae805d5370bfd876eb2f48df2e1e5a22d26e3
2024-03-07,7482.41984428,c1e5c1139244496001013d6606bc5e6f687fa45826a420e72979c7f8cf981d86
2024-03-07,7482.41484428,c1e5c1139244496001013d6606bc5e6f687fa45826a420e72979c7f8cf981d86
2024-04-03,7481.56221646,a5cf7954a59cece28ceca308363524f1aca3fad4abe78b6b7bea173d6e919277
2024-04-03,7481.55721646,a5cf7954a59cece28ceca308363524f1aca3fad4abe78b6b7bea173d6e919277
2024-03-24,7453.19995092,22f349b62df16af9c6510bd1c547ba912c041ee4bdf27a29c1f1c3d5e9dea48c
2024-03-23,7452.99995358,a9a5a03a4f3f185f11b775578500ad7453d1c376126f2e7469eb206e60432abd
2023-07-18,7450.82595547,e8c6116a5dd9bd6a2271b6e0488ed2b4cbcd7448652ce92a26783018eb65e6b6
2023-07-17,7450.8255721,32344f6ef13ff7c01b812db08c13a883becfe1badbfe21d818890dc3a76f93e2
2023-07-12,7444.30595547,491f335726d47ff719b3307aef403299e565d736fbc9412ce4d9e079e69b03c9
2023-10-27,7432.58616687,af1ddc6d90b8c68e19aba092aa8e0ea07d69508cace5c9f590fbf3926b60ff31
2024-03-05,7430.1580116,f54f93d614a3bd84aa79dc2e09087ed5138b99cdcef0f1622e3ab82a77c9664c
2024-03-05,7430.1530116,f54f93d614a3bd84aa79dc2e09087ed5138b99cdcef0f1622e3ab82a77c9664c
2023-12-11,7408.52240411,b52fafd1055060e664ed7c29daaf3d7e64cd798efa66cdfac9c88ed7ddd4052a
2023-12-11,7408.51869491,22c122052eeb69bf4b8de73e54eeabf795f26c1256c56e79cab9f18f4e5476cb
2024-03-06,7402.95161958,04f3ba8e95ec0bd5cd65b2dacea246abc3e4efb02645fdf8573480526bf780cf
2024-03-06,7402.94661958,04f3ba8e95ec0bd5cd65b2dacea246abc3e4efb02645fdf8573480526bf780cf
2024-03-06,7399.83750411,30cc295a29d8a8dfdb8a2f5704236462739fadc46fc2c4fc24e0a3b7b9c8be40
2024-03-06,7399.83598427,971767ccaeafd029b96a985c6381b42934a311760cd837b31ec6658ed98dc143
2023-09-14,7398.66955554,a65898456699e78d441e07e87a4f9109f0929564e9bb4a444cfb437e1bda5d0c
2023-11-17,7395.91321007,8ad4fc69c42fd988a7ab9d73e1a7a8564b4daaa5931cd2d55783eaea4a386ee7
2023-11-16,7395.85605727,cc6ecf94cf5bb77a24ab70b24675ef63f86089020b81bab8cb3249e1dd71deaa
2023-11-21,7384.04005597,f7679355e953bf458a00164dae9a13c867ba13e6b6afbdc4fe1c5dcb124bbd1e
2023-10-10,7363.23204539,2878933d496f73a5e9bae41be7c3c3f74cfd664a4fa5f50a250ecc7a8fd8e879
2023-07-06,7363.23166043,ada3befa2fd07262305804cdebdfb5353a3dda46dee2f653ebaa90326709276f
2023-12-06,7360.48621019,cfaf79dfbd6e7e9e5f6cc1822e96d5134649562616807c2d363c346b38cad092
2024-01-18,7333.510446,73821be01ac57a2bbd471cb2026b962d36211b7da66f9c4e975b4d70922df5f7
2024-01-18,7333.505446,73821be01ac57a2bbd471cb2026b962d36211b7da66f9c4e975b4d70922df5f7
2023-11-22,7305.07787238,657e5683bcb4a9de0cb2671aed3454edfeebab1edb695ea5ea114a1d7a514ac5
2023-05-08,7282.45755547,a35854d89ae6e96b8063d8047ea0df04f341a156ef617a6c101d5f01c14746dc
2023-06-29,7268.35735547,1e347e3b41c86a43f563dc69c6571759956b1349c09595578e15e89e95804ab6
2023-11-07,7260.94227558,317a9521336e35c45dd1e0dfc7c5bc2bec3fdc8096218ec6f7041f396bef618b
2023-10-05,7257.53568007,f0239d560d4be0af36bba78c83f54dbd00e1a6e46f5f953dfe9e7463dc13953f
2023-11-01,7246.46498489,0652e2b1fd7e598d5274fc180262535c568d4015377fc6576db5025a4036dd1e
2023-11-01,7240.3217595,0652e2b1fd7e598d5274fc180262535c568d4015377fc6576db5025a4036dd1e
2023-12-06,7239.00483292,b39175e36fe5ae97ab071d1b563da4ce18c4f8c276628414f5d3944f3f0752e1
2023-12-06,7239.00253854,20523f59008a1a5d772d7c1864a7827ae21323c8d0d4c10ca6012c7473b94d6a
2023-12-07,7239.00167191,d28d1f96860fd43547b416686bafdda6b1c6e5498a04d01f14446edbb5429669
2023-12-07,7239,d28d1f96860fd43547b416686bafdda6b1c6e5498a04d01f14446edbb5429669
2023-12-06,7239,20523f59008a1a5d772d7c1864a7827ae21323c8d0d4c10ca6012c7473b94d6a
2023-12-06,7239,b39175e36fe5ae97ab071d1b563da4ce18c4f8c276628414f5d3944f3f0752e1
2024-01-25,7231.68137177,bd8b8f35cfb9a2ebfedfb06fc0dc4b91c9fe063e9ee961985a6fbc2dfeb38a62
2024-01-25,7231.67637177,bd8b8f35cfb9a2ebfedfb06fc0dc4b91c9fe063e9ee961985a6fbc2dfeb38a62
2023-06-26,7224.69301008,1b599fde23f8abfa9aaa368b4f2326a2c0e56e6f246c89cf67955f964ce47003
2023-06-26,7224.69301008,f5efc20de99213592f11d9f7bdf8f436befcd1718d69342975055df1ba9f7821
2023-05-23,7206.0015,b57f849123cf9db0a8c7cb69f472440d2114f90609125ed292c722596795571f
2023-05-23,7206.0015,ca58e3367f207eca3167565ccd6cdee9dc97501dabc70512a7d2ca12ebb615bb
2023-05-23,7206.0015,b2cb26a971610fde72d72d37a06817d8d6f918e176bd8ac265fc836975ace9ed
2023-05-22,7206.0015,77a563e1dc73354b75d66f778c0507eab3dd33c5c2ccebabe3b9f3928954d8e4
2023-05-22,7206.0015,c12b8f5f1a8af56d2ab68c5646c65c793aed30e443e1bb3f6b27faf3e5743988
2023-05-22,7206.0015,752e843a87f6a7b211341fff8904dc87d25c0f3467fd5281b515de4a1ece26fb
2023-05-23,7206.00033019,59bd10df485ef4c81405b9601329776980e9869019a4e8beeb68c5c9be42da90
2023-05-23,7206,945f74d762ed187effafdbc8a837998e3e9052dca08cb21d72a104f31ff92be7
2023-05-23,7206,685be76367c8f05b5ffeac201a50036b21988bcadb0c55fb41bd7854b2b754c4
2023-05-23,7206,e15ed8293753e8f07dee06141acdcd67882224dbfedd0dc26533c73ba4ddf18b
2023-05-23,7206,5e502e964f8d99142048264505d2e42259229339e25ee934fa9cfa412c41c6a2
2023-05-23,7206,37ce9c78997cb2c03dff9a33172544aeb22a83041f077bb774a5cd11d5c58bd8
2023-05-23,7206,b57f849123cf9db0a8c7cb69f472440d2114f90609125ed292c722596795571f
2023-05-23,7206,ca58e3367f207eca3167565ccd6cdee9dc97501dabc70512a7d2ca12ebb615bb
2023-05-23,7206,b2cb26a971610fde72d72d37a06817d8d6f918e176bd8ac265fc836975ace9ed
2023-05-22,7206,77a563e1dc73354b75d66f778c0507eab3dd33c5c2ccebabe3b9f3928954d8e4
2023-05-22,7206,c12b8f5f1a8af56d2ab68c5646c65c793aed30e443e1bb3f6b27faf3e5743988
2023-05-22,7206,752e843a87f6a7b211341fff8904dc87d25c0f3467fd5281b515de4a1ece26fb
2023-06-28,7194.62943085,c2cc082ff218d160f1331b0878ac9c210aa14b2f981bbec7474e059f9460f335
2024-03-07,7187.20365887,ca87451f3865d534ec70a56d7a994496894cf860870ecedd9451b5bccfd44bf1
2024-03-07,7187.19865887,ca87451f3865d534ec70a56d7a994496894cf860870ecedd9451b5bccfd44bf1
2024-04-01,7169.32385644,784d8111cca855b978de6bc109d5b20f5cc9fa4ead77cac1c1df3064aaa2293f
2024-04-01,7169.31885644,784d8111cca855b978de6bc109d5b20f5cc9fa4ead77cac1c1df3064aaa2293f
2023-12-22,7148.37879,e34c0d755f934c5f366ef8f2100631e36828c30f1a7bc271d04677afa5aaa1cd
2023-07-11,7143.11575054,c4513f133e4f3d1296633bff56e6428938864162a0177da56c14de4e2402703a
2024-04-01,7118.57991394,3bb9ed79133d81382ad9001814b2484247680fb9fa3c34e171c0887d91fdbb82
2024-04-01,7118.57491394,3bb9ed79133d81382ad9001814b2484247680fb9fa3c34e171c0887d91fdbb82
2023-07-19,7115.72595547,1f10f57e67b1b2f9169e5893faf8da5578ce7385c6e79ce7bece70992976b4a9
2023-07-18,7115.72577067,e8c6116a5dd9bd6a2271b6e0488ed2b4cbcd7448652ce92a26783018eb65e6b6
2024-02-16,7114.33071307,862b78d64bd9773dae8eaf1ea3f012b2153ab943ad00b7dbebbc7eb43a87924f
2024-03-27,7103.4585705,10a0ffcd0f3c436b09387adcd6d0f3f149670c3fba33c214e7a150a8fd64517a
2024-03-27,7103.4535705,10a0ffcd0f3c436b09387adcd6d0f3f149670c3fba33c214e7a150a8fd64517a
2024-04-17,7101.76897878,ec2276099f3c2e1acacf76bd0e4d4ec58eadb8140b63427d12f315b9e8333a02
2024-04-17,7101.75897878,ec2276099f3c2e1acacf76bd0e4d4ec58eadb8140b63427d12f315b9e8333a02
2023-12-22,7098.35675443,e34c0d755f934c5f366ef8f2100631e36828c30f1a7bc271d04677afa5aaa1cd
2023-12-07,7098.33342973,739a43579b4483f331306366d83d5a84d36d9c437bb707377ab3a4a0e84daa87
2024-02-27,7098,e0d8d5519dd205f274956b8a2e4658531ff15aca2cb48dafd71e29edb1d818c0
2024-02-27,7098,0950dd60a958d1100a3a6a6b7fa438240ec7c26cf11ec3ef55727a38bebb6626
2024-03-26,7092.33286876,4fb88f63cef5b1cf3ffcb98eb3884d1a954eb569c55d1068fa40b9b0d9077338
2024-03-26,7092.32786876,4fb88f63cef5b1cf3ffcb98eb3884d1a954eb569c55d1068fa40b9b0d9077338
2023-05-29,7087.16997827,f17997b390dae8bff81ca1144f78953efc8e40382e213d790798d066372f65b8
2024-02-11,7084.00769181,c233e2eaf6c44c5d87fe17dffbc7a13a777f4cd93c2463a93b23d123dedc2ea8
2024-02-11,7084.00269181,c233e2eaf6c44c5d87fe17dffbc7a13a777f4cd93c2463a93b23d123dedc2ea8
2023-05-29,7045,3f4fecc22e81b8e3de2b4defafaf86793467916924d44432a21974bac38ccd76
2023-05-29,7043.999851,1b953170fdafc137977ce4be4366725837569623d783b959422dae90b604e9b4
2023-05-29,7043.999851,3f4fecc22e81b8e3de2b4defafaf86793467916924d44432a21974bac38ccd76
2023-05-29,7043.99977956,f17997b390dae8bff81ca1144f78953efc8e40382e213d790798d066372f65b8
2023-05-29,7043.99977956,1b953170fdafc137977ce4be4366725837569623d783b959422dae90b604e9b4
2024-01-09,7039.38946302,1c0052fcda8f442a8a274ed237eaa3e2733ef0e67a9254225ccf453bb013e655
2023-12-19,7000.04139423,768cb40139ecd866fe6913b51def57b1f8741e08b30b364b4da351ce5aff93b4
2023-12-05,7000.00838569,f85d41a13aa39e5345da82026254236e56deeb58094608dfd5c6899b90e2e4e3
2023-12-22,7000.00421962,e7b8747dc2b5496cda73f55d887b6e80d3f2db311b1e8a85a14181df3b8ceff6
2024-01-24,7000.000396,0538d443a41875ca7d4c4fea564e13d6c141a47f402adc2a0327ffdc1329511c
2023-11-02,7000.00010018,e83dcc1a85aa6a8eab77656a49aaac99bee2a49fec153caae97d46f5b231065c
2024-01-30,7000,bd96deb8f0991a32e7b77184f0b73893821b7940f9c33cd1a40aaed0c7119c25
2024-01-26,7000,3494d7168d89912b5e3db9ec64a433fe1ffa9b792438c80c726e212b83eef592
2024-01-24,7000,0538d443a41875ca7d4c4fea564e13d6c141a47f402adc2a0327ffdc1329511c
2024-01-09,7000,1c0052fcda8f442a8a274ed237eaa3e2733ef0e67a9254225ccf453bb013e655
2023-12-22,7000,e7b8747dc2b5496cda73f55d887b6e80d3f2db311b1e8a85a14181df3b8ceff6
2023-12-21,7000,d74197346b2d3106c24b64fa0bc82ce8ac10605dacbb612ad5867678ede968a6
2023-12-19,7000,768cb40139ecd866fe6913b51def57b1f8741e08b30b364b4da351ce5aff93b4
2023-12-05,7000,4a91810a1c4df7b3b98d788aed8514aa1f247f47f3fdb803cea77a062a620495
2023-12-05,7000,f85d41a13aa39e5345da82026254236e56deeb58094608dfd5c6899b90e2e4e3
2023-11-03,7000,2503b616257feb7965227ba15a3615b53cc8579eb3c3000c71047e64dc35029f
2023-11-02,7000,e83dcc1a85aa6a8eab77656a49aaac99bee2a49fec153caae97d46f5b231065c
2023-12-26,6999.99316623,2cba07a17980140b020f56bfe4731baefc463cf91dfb8fd6a98fc5db3c1b2f70
2023-12-26,6999.99144484,54efa1315fe07e31f99c2c08bb2d2a33a5a891fe238c173d151bf5b2056f199c
2023-12-26,6999.99144484,2cba07a17980140b020f56bfe4731baefc463cf91dfb8fd6a98fc5db3c1b2f70
2023-12-26,6999.98783138,54efa1315fe07e31f99c2c08bb2d2a33a5a891fe238c173d151bf5b2056f199c
2023-09-29,6999.00019125,aebc026ec51e4ff62672e93111dfea99dc390572f56e0beba2fdd39f8c803b59
2023-09-29,6999,aebc026ec51e4ff62672e93111dfea99dc390572f56e0beba2fdd39f8c803b59
2023-07-21,6988.99204514,969dfbd599c0a44f146fa06d905255c036495c1b6e4349a7981ec5cfc098a4d8
2024-01-25,6969.38451492,c8c74ba3d5f468bb532e172af98d836603e267e63633e9356affc5c0a426cac1
2024-01-25,6969.37951492,c8c74ba3d5f468bb532e172af98d836603e267e63633e9356affc5c0a426cac1
2024-01-26,6960.62402807,3494d7168d89912b5e3db9ec64a433fe1ffa9b792438c80c726e212b83eef592
2023-09-23,6959.00621078,832b5567c30a4c04da10f0f49236ced6db35ef6f82267fd030b3925c2200a915
2024-02-26,6959,c46fd5a28da3147680e63a06f23f66bb472880ef656f4e15d51fdd732bbe4806
2023-09-23,6959,832b5567c30a4c04da10f0f49236ced6db35ef6f82267fd030b3925c2200a915
2023-10-11,6950.45601007,4d5f4791554ae930acf495d02b00ef477c01422fb8f11d3fe398f96e2e770a76
2023-10-11,6950.45579887,0b099c86d00ecec896d5b93300c0a2dcbb6713b84579c0a00b3fc1602a3440ce
2023-12-11,6943.52240411,e1174e5912b43ff0f55940ceeffeeb20dc656bb4018bbbf8981e5e569bf09fdb
2023-12-11,6943.51869491,b52fafd1055060e664ed7c29daaf3d7e64cd798efa66cdfac9c88ed7ddd4052a
2024-03-12,6922.93332458,6c865db1381f54b95509ff70a1ba8846868c6777a0cc235ff2254967ae5a9a26
2024-03-12,6922.92832458,6c865db1381f54b95509ff70a1ba8846868c6777a0cc235ff2254967ae5a9a26
2024-01-29,6898.08668098,24d2446e108b63e7c29684f3f93c064950c4a2379b34beedef54201819f11f31
2024-03-12,6897.32306415,0ab5c59937b17f5721a543766ed92e87f3b86f2228738291b1196312cc4551fb
2024-03-12,6897.31806415,0ab5c59937b17f5721a543766ed92e87f3b86f2228738291b1196312cc4551fb
2024-03-14,6896.52080359,21041e7e0189ca9df774bbf4fc2cc1d90e52a72ee6f16cb175e474c1759e584b
2024-03-13,6896.52002707,34e39da617057e8ef79587a474cfaf7ef20bf8ab5932cb2186a21926ea8ab33b
2023-11-17,6877.40847805,8ad4fc69c42fd988a7ab9d73e1a7a8564b4daaa5931cd2d55783eaea4a386ee7
2023-07-12,6870.53565739,491f335726d47ff719b3307aef403299e565d736fbc9412ce4d9e079e69b03c9
2023-06-05,6867.5699819,ecc42f790aac10812eb84bc739546574b9254591e37f5576fc37aee5415a5e83
2023-06-01,6867.5691503,cccbac4601db9eddbd8bc67015085fa893a350b5f5f2b7d29e21238f6ef80ec2
2023-09-14,6866.06945795,a65898456699e78d441e07e87a4f9109f0929564e9bb4a444cfb437e1bda5d0c
2023-10-13,6863.23204539,1a483c566c3afeedca27199d72676a19d36e9de424c0b2f07c4b28f399432124
2023-10-10,6863.23183419,2878933d496f73a5e9bae41be7c3c3f74cfd664a4fa5f50a250ecc7a8fd8e879
2023-06-19,6847.96579322,b133375d2d0d8c44aa435e0d285354615385e9e55b465290342da7bc7074c522
2023-06-05,6847.5690711,ecc42f790aac10812eb84bc739546574b9254591e37f5576fc37aee5415a5e83
2023-08-02,6830,5bdd6891820a0daf5041bec5e93f61b2929e481d3c5e95ad6152f25149b93da4
2023-06-30,6825,9c07b9e4bb1eecf4d5cd1aa7dcf5c848b26bc552e8125ae16d642c55726c5ac0
2023-06-21,6825,f0f3c5db98ee761d167113bc7b72f080c2e45e2a009919870a26a9775df9679e
2023-07-05,6811.96579322,e938b638ce18f4f1ec24c2243f2f1d26b607c40821140fb1d0759b04cd0cf0fe
2023-06-19,6811.96536473,b133375d2d0d8c44aa435e0d285354615385e9e55b465290342da7bc7074c522
2023-08-02,6798.84282212,4b076762b584dbadd00820c28834e88c17868c8cb80bacb1ed7bd9ae406acc90
2023-07-05,6798.46558202,e938b638ce18f4f1ec24c2243f2f1d26b607c40821140fb1d0759b04cd0cf0fe
2024-04-19,6790.507391,e9bf8b259060715a4f3c19271eaf699856732e7db4bc8cafb6519b3bc53ef74a
2023-09-05,6785.11404535,b83d67823d0a1b26c924a010350d7d94d99468f27256a1beb4643c10dd37edf7
2023-08-02,6783.84254267,4b076762b584dbadd00820c28834e88c17868c8cb80bacb1ed7bd9ae406acc90
2023-08-16,6774.63955053,86452af2e4ef133a0267474c3734ae6e5e2c93b656c9ee2337887c7da1f68b00
2023-06-30,6774.63955053,9c07b9e4bb1eecf4d5cd1aa7dcf5c848b26bc552e8125ae16d642c55726c5ac0
2023-08-24,6770.72387757,7b2774f557f9f6ae4f30c176f3b444f74af003ed7098528c9b1cafccdc530b1b
2023-08-16,6770.72387757,86452af2e4ef133a0267474c3734ae6e5e2c93b656c9ee2337887c7da1f68b00
2023-10-04,6770.52473088,2e780b660b1681cd24b60add96718fd458a29b6c67a50d499c902dd4c2969398
2023-09-05,6770.52433965,b83d67823d0a1b26c924a010350d7d94d99468f27256a1beb4643c10dd37edf7
2023-10-23,6769.998595,1b6c3c55aee68ae7ab56b156a5745b8946c747c1646510737e68c91b90a82894
2023-10-23,6769.99847021,1b6c3c55aee68ae7ab56b156a5745b8946c747c1646510737e68c91b90a82894
2023-05-27,6766.94294049,679bcbd38df4cc31c8b77703af6493d1bfc89aa3c2be9b33fb6c5464dba14125
2023-05-27,6766.94294049,6d12f68e5d451082dc7fe0051f9ddca35108e7df265dc029b198b452c5b398c5
2023-05-27,6766.94271498,679bcbd38df4cc31c8b77703af6493d1bfc89aa3c2be9b33fb6c5464dba14125
2023-05-27,6766.0609624,6d12f68e5d451082dc7fe0051f9ddca35108e7df265dc029b198b452c5b398c5
2024-04-09,6763.92800546,1aa5b7cc2c24c69cbc9fc669c8289d4202ff51b0122fb63fc9fa86be5728587d
2023-11-06,6756.98085067,5ebe2383d159319663c9db15478c08e2cc2e806a2a94029a5d4a90fbfa928fff
2023-10-18,6756.98081311,99cddfceea04fc986775bf3757216f77e7b6725bd432138d3eeb4b4225b1987c
2023-10-04,6756.98041711,2e780b660b1681cd24b60add96718fd458a29b6c67a50d499c902dd4c2969398
2023-10-18,6756.97996351,621f2a18d92ceb43f71d50406aa0aa8e2b00b5c9e7813898a8d8ace5f0f2a1ee
2023-10-18,6756.97967311,621f2a18d92ceb43f71d50406aa0aa8e2b00b5c9e7813898a8d8ace5f0f2a1ee
2023-10-18,6756.97948831,99cddfceea04fc986775bf3757216f77e7b6725bd432138d3eeb4b4225b1987c
2023-12-05,6745.53808679,d9d5e326440dcea793d53d3def832e07937ead6fb2d36f3d6de47248cfd12a4c
2023-11-06,6745.53674543,5ebe2383d159319663c9db15478c08e2cc2e806a2a94029a5d4a90fbfa928fff
2024-04-25,6744.92800546,11e135ad26513b120d6930ce87a3396b2da1c874bd2933b13b1f00175991a441
2024-04-09,6744.9273445,1aa5b7cc2c24c69cbc9fc669c8289d4202ff51b0122fb63fc9fa86be5728587d
2024-04-25,6737.52664763,11e135ad26513b120d6930ce87a3396b2da1c874bd2933b13b1f00175991a441
2024-01-31,16541.21326404,c9359839d3582aac6f6b60f69d69224a3c63721cf97500eb5fee9b758fcc1a63
2024-04-08,16320.04041401,90632e1c9e861a6488541f6e3db76ff02b1151cae4d912de0332b79bd2ba50ed
2024-03-08,16320.04041401,8fb794cdb4d9bcd73a6faf4acf8d6ca034140c7e627e9307cb5ee7f75baa43a4
2024-04-08,16318.99785741,bbfadd645895b600b94352c98cf647d94bc15d46b295c03c55ed8860ea68fadb
2024-04-08,16318.99785741,90632e1c9e861a6488541f6e3db76ff02b1151cae4d912de0332b79bd2ba50ed
2024-04-08,16318.99730081,bbfadd645895b600b94352c98cf647d94bc15d46b295c03c55ed8860ea68fadb
2024-04-08,16318.99730081,353046a27c7a230aa793ef509f4b6547b95fa6e41c1fbb1ae805e7546e0b1612
2024-04-08,16318.99674421,4336260123a238463b285748a02c99d99f76a57f71ea89c4e0c6d5b6f20fe10c
2024-04-08,16318.99674421,353046a27c7a230aa793ef509f4b6547b95fa6e41c1fbb1ae805e7546e0b1612
2024-04-18,16276.99378572,2d309a604de05f8ade5ca96b6a9842f93b4920415369f25e50708452c800cd21
2024-04-18,16276.99283432,3910511f835cb569dc954a9ea989c114e8c8f50e998cd3f6a358c4fa33a0bbf1
2024-04-18,16276.99283432,2d309a604de05f8ade5ca96b6a9842f93b4920415369f25e50708452c800cd21
2024-04-18,16276.99274504,3910511f835cb569dc954a9ea989c114e8c8f50e998cd3f6a358c4fa33a0bbf1
2024-05-01,16226.58665547,d10176bac0c8324cf0d9bc3649fab8a97b4fc68632c9b96875f8497c91d9bbfe
2023-12-29,16223.9383,5dc12bb77d373dd9f998499d6eb7d9109fac6549d6c5a8d70e0096ff960d374c
2023-09-06,16223.93797,578e990696869eb381ee89699d7f0f0f541669c4e3001c9bd8ad0114aa3c6383
2024-02-22,16223.9373817,d056b1770deea07b57e0edf261262ee343f6d537a11260e096b97207ef77c0ae
2023-12-29,16223.93487826,5dc12bb77d373dd9f998499d6eb7d9109fac6549d6c5a8d70e0096ff960d374c
2024-05-01,16176.58537608,d10176bac0c8324cf0d9bc3649fab8a97b4fc68632c9b96875f8497c91d9bbfe
2024-04-23,16014.41665001,1fe798fce8740abdbab53f33c88340c9dd5d0ab889a425899adf05ac760fa99f
2024-01-04,6733.38710943,c589d32fc749953e10b90ce865030ca13b240c738b8c36e2e2e485759a59a725
2023-12-05,6733.38420543,d9d5e326440dcea793d53d3def832e07937ead6fb2d36f3d6de47248cfd12a4c
2023-09-06,6732.97687473,8a5eb0cbebe2393661c9c3fb2c87c3ab13dcb45c93df63a7b37e2ba5986ef288
2023-08-24,6732.97687473,7b2774f557f9f6ae4f30c176f3b444f74af003ed7098528c9b1cafccdc530b1b
2024-02-05,6719.79752864,172c68656bd81f0fc2aaeb6f750070e2f7a210f3e9425032541e3bb9b3ceabfd
2024-01-04,6719.79600404,c589d32fc749953e10b90ce865030ca13b240c738b8c36e2e2e485759a59a725
2024-03-04,6705.65222213,d7fad4c0e12c6acdd8c56fe4fd4a90fed33d699af76e7531f44cf6cef1f24125
2024-02-05,6705.65084053,172c68656bd81f0fc2aaeb6f750070e2f7a210f3e9425032541e3bb9b3ceabfd
2023-10-06,6703.67116171,1895b737dcc51a71e162c5f7878720cc7913fea7227fc3a31989f52d5150fbf5
2023-09-06,6703.67116171,8a5eb0cbebe2393661c9c3fb2c87c3ab13dcb45c93df63a7b37e2ba5986ef288
2024-03-19,6699.9981026,1cc98cfdb8959daccc5459ba1e38e8f1eb71d7e58761e75e993b25f691bbc11d
2024-03-18,6699.9981026,7d1fdb99a00d72251051811305def02872eca399eeb0df5c1bf6ee03f3b512a2
2023-11-29,6698.54927042,b4f7460771184d089f34e6aef322a3dc3153432dfb797daf40aa97535a9e2d1f
2023-10-06,6698.54927042,1895b737dcc51a71e162c5f7878720cc7913fea7227fc3a31989f52d5150fbf5
2024-04-03,6696.0224939,3ec419a1005ff942ca2ade47751e0393ac9e5a97aa24dc610aba1c61c45abf3f
2024-03-04,6696.0216843,d7fad4c0e12c6acdd8c56fe4fd4a90fed33d699af76e7531f44cf6cef1f24125
2024-05-03,6682.05134265,ea44c8dedfef5acc37a36aa91fdf21e91bd71257e5cf3c3843b0388321ffdeb9
2024-04-03,6682.05117145,3ec419a1005ff942ca2ade47751e0393ac9e5a97aa24dc610aba1c61c45abf3f
2023-12-14,6675.22321748,b66177cc9a66f41c553e34b535ca54fa36f7a4937239ce941d838e341fc3aed7
2023-11-29,6675.22321748,b4f7460771184d089f34e6aef322a3dc3153432dfb797daf40aa97535a9e2d1f
2024-05-03,6668.12002993,ea44c8dedfef5acc37a36aa91fdf21e91bd71257e5cf3c3843b0388321ffdeb9
2023-12-19,6658.06087048,58dbefad68ce97e441ac587bf41342d598a341c884c30fa0ce2de5ac721bbd59
2023-12-14,6658.06087048,b66177cc9a66f41c553e34b535ca54fa36f7a4937239ce941d838e341fc3aed7
2023-07-24,6651.95595547,e6545daa1beede0c6a882ef1bdc8bf2709edf4ed3d8bad101bf1db571232fca9
2024-02-14,6648.50817015,99383ea19fdef637d4219691be6fe3d50389cb1ff0165b63c3037927da2b3fff
2023-12-21,6631.07533282,11cf029442ad4b045364a7ee3be8ea077741059f7adbcd1fe6391207d0257a06
2023-12-19,6631.07533282,58dbefad68ce97e441ac587bf41342d598a341c884c30fa0ce2de5ac721bbd59
2024-03-04,6630.73741721,680bde18dae7583dca2c40ca26ad957e5932117a544f48401039fdf54d2f7805
2024-01-12,6629.15732072,e9844a77994781f7c759630b6a5d56015dd4791cc3aac67c4e76df898a3a4fe3
2023-12-21,6629.15732072,11cf029442ad4b045364a7ee3be8ea077741059f7adbcd1fe6391207d0257a06
2024-03-26,6626.85034673,ab97500655a4c209cebe5d6a3740b531204d899fd8866cb381424a5e85705a82
2024-01-19,6621.21769818,7d62c24bde4e77c0a9f73acc4b594002884618d2858955f929212ece9701ec09
2024-01-19,6621.21269818,7d62c24bde4e77c0a9f73acc4b594002884618d2858955f929212ece9701ec09
2024-01-29,6594.76291307,41deb2fd5f43bf3a6c83d3900f9f510a51c65ee0c52a88536ccf709ad1625afd
2024-01-12,6594.76291307,e9844a77994781f7c759630b6a5d56015dd4791cc3aac67c4e76df898a3a4fe3
2023-05-09,6586.34755547,d09010129bb511be77029fd6f0b7684372be531f7ab90f8229e4a819f34eaf18
2023-05-08,6586.30944449,a35854d89ae6e96b8063d8047ea0df04f341a156ef617a6c101d5f01c14746dc
2023-05-10,6582.955,38d56480b922f24db5e5205a2c866360a9888725843e7e084426407491cdf9d4
2023-05-19,6582.953772,3a535fb2c525a968f64d3e2ec3a740374d41167fd849142d7701722278248ce4
2023-05-10,6582.953772,38d56480b922f24db5e5205a2c866360a9888725843e7e084426407491cdf9d4
2024-01-31,6557.92393005,5a0ad67380ca1f93331c24de4eab41d31dd3f3f1a7d3a31e78da2f75081f4632
2024-01-29,6557.92393005,41deb2fd5f43bf3a6c83d3900f9f510a51c65ee0c52a88536ccf709ad1625afd
2023-10-18,6552.46312877,f162490618f5f097a2551c68277cc764554530d7ff786b1fdac70dfa86e7d423
2023-10-18,6552.46312877,86c360fb5017b95a5676d115a98c199e74f6e96c6d3baab97c5a43552fc2bfc1
2024-04-16,6545.78410147,cdee906a89cba69e8077db010e7afff19b49e996b63fc3174244e2b685fab2d6
2024-04-16,6545.77410147,cdee906a89cba69e8077db010e7afff19b49e996b63fc3174244e2b685fab2d6
2023-10-18,6544.83701175,df2d6ebb6a92effc32eb921a7ade82ba555511ab262f61cd3e89cbf5dd0e5291
2023-10-18,6541.64711784,df2d6ebb6a92effc32eb921a7ade82ba555511ab262f61cd3e89cbf5dd0e5291
2024-02-29,6539.063,2e22ba1d4520d0bc059806cf12d081babc4ca9a9e19befaa2ab20385daf2b9f6
2024-01-31,6539.06245352,753bc47f95973c1836473c4d60431a9f9bdf763b3a1454d6de6dd9686f00c12f
2024-01-10,6535.66890411,683cd05b0ecedb1877a8d4e999472b61c315cca2a56726287b88cec86fa0ad48
2024-02-15,6535.64750411,9b9a8afb5526c23f9d60fbc0a58d07bb297d059fe0372c44e9895cdb9ee666aa
2023-07-20,6535.00963724,2de98c37efb97ca35bd06c8bcb785e8160cb4772e86d5f3d418062f8cbba24f7
2024-04-30,6533.01871482,2172690580e17be0c07165dbb6944e8ea4a1bd7e94c2338513b2897d95653db0
2024-01-31,6533.01871482,5a0ad67380ca1f93331c24de4eab41d31dd3f3f1a7d3a31e78da2f75081f4632
2024-03-19,6530.42957752,f07a1238bb2f394f247373e27f384ee2bee33433af7a1771e3edb5cab8e3a65f
2024-03-19,6530.42457752,f07a1238bb2f394f247373e27f384ee2bee33433af7a1771e3edb5cab8e3a65f
2024-01-06,6522.54223859,470609ae508e5d924d8831578abc6bb1c80a05c1ff2571ef4c5f3fcf7ce4ae96
2024-01-06,6522.53723859,470609ae508e5d924d8831578abc6bb1c80a05c1ff2571ef4c5f3fcf7ce4ae96
2024-04-01,6513.74017948,e3179157095cd2a2e09dfb3856df01291e5f23e5d233ac64af23dbc47ccb72f4
2024-04-01,6513.73517948,e3179157095cd2a2e09dfb3856df01291e5f23e5d233ac64af23dbc47ccb72f4
2023-07-20,6510.00961069,3b5d707dd7fc0843253bcef0c200d949adf12178c2ffa0e1e4d553d1731f2c8c
2023-07-20,6510.00961069,2de98c37efb97ca35bd06c8bcb785e8160cb4772e86d5f3d418062f8cbba24f7
2023-05-19,6500.17,16b88701cce64f96ccf45a25116fd1e8217b960eefdce63db17c7e8243a02559
2023-11-22,6500.00957049,9f9747f50a6453ecfc61aa37fd5e6b2b0214b0977883a93b55b5c7476551ab27
2023-07-20,6500.00957049,3b5d707dd7fc0843253bcef0c200d949adf12178c2ffa0e1e4d553d1731f2c8c
2024-02-27,6500.000198,1cbbcacf16164385bba099a3e13fab89bb45b30ce19b56079083d60dbc6209bf
2024-04-19,6500,e9bf8b259060715a4f3c19271eaf699856732e7db4bc8cafb6519b3bc53ef74a
2024-02-27,6500,1cbbcacf16164385bba099a3e13fab89bb45b30ce19b56079083d60dbc6209bf
2023-10-24,6500,0336449343ea9f6741be11cc94d7078bc478b54436147aca431fd555581fc13c
2023-10-24,6500,2997ef82a291bd8090f0e1343e098b929e7525af9bf1bc30b04ac5272ecd9a64
2024-04-30,6495.63019998,2172690580e17be0c07165dbb6944e8ea4a1bd7e94c2338513b2897d95653db0
2023-07-20,6490.52595547,5d167c8465cf33df1bfe2d76583a0a522b66126dbf3bb1592d65501afd250c59
2023-07-19,6490.52577067,1f10f57e67b1b2f9169e5893faf8da5578ce7385c6e79ce7bece70992976b4a9
2023-12-11,6485.52240411,a0925cbb298788f2a84d68d3e66ec9fe7b3d6b1436869e2861d4c08c81329a82
2023-12-11,6485.51869491,e1174e5912b43ff0f55940ceeffeeb20dc656bb4018bbbf8981e5e569bf09fdb
2024-03-11,6475.438,c290c13e3dbdbe1b8aa307283dc49a93439e6a426be792647d07e81a7d0ceab3
2024-02-29,6475.4373664,2e22ba1d4520d0bc059806cf12d081babc4ca9a9e19befaa2ab20385daf2b9f6
2024-03-12,6467.238,ba1110000a6725776e3bd7ecd02c17632240f94dde657b23186e7f429ce0c81b
2024-03-11,6467.23786304,c290c13e3dbdbe1b8aa307283dc49a93439e6a426be792647d07e81a7d0ceab3
2024-03-19,6466.488,b2916638122e902efbed695e2ca52a8177c2c114f48d8ddbb0573b179e8ca025
2024-03-12,6466.48787588,ba1110000a6725776e3bd7ecd02c17632240f94dde657b23186e7f429ce0c81b
2024-03-19,6466.48694612,b2916638122e902efbed695e2ca52a8177c2c114f48d8ddbb0573b179e8ca025
2024-03-23,6465.47608168,6223c7cfe85e00e253255f30604cb5b32e4f75567d5a679e6c726fd615162bdd
2024-03-23,6465.47108168,6223c7cfe85e00e253255f30604cb5b32e4f75567d5a679e6c726fd615162bdd
2023-11-24,6450.00918741,d11394c34cd3274a44f83e25e5ec94c749b63f00e0ac86f4dcf05b87c453e6a2
2023-11-22,6450.00918741,9f9747f50a6453ecfc61aa37fd5e6b2b0214b0977883a93b55b5c7476551ab27
2023-10-28,6444.006089,67b581d21c35bcba6aab8c155babe7833a7793da911f473500569a420c6f045d
2024-02-15,6444,832acb747e7cb6c70d8a9d37a72a0719ed22482c3e1af15516e94f393989fa42
2023-10-28,6444,67b581d21c35bcba6aab8c155babe7833a7793da911f473500569a420c6f045d
2023-10-24,6438.77073401,2997ef82a291bd8090f0e1343e098b929e7525af9bf1bc30b04ac5272ecd9a64
2023-10-16,6429.64024061,3b3c89484979eb2ea98f9aaaec7adcb9cc5abdff9daf8b400bd96255c52aef46
2024-04-02,6421.21272977,7b909b677f7b84c66f8fb3fd6a245b8ac5e6cc099643f65cee535a7327bac548
2024-04-02,6421.20772977,7b909b677f7b84c66f8fb3fd6a245b8ac5e6cc099643f65cee535a7327bac548
2023-10-16,6414.16345055,3b3c89484979eb2ea98f9aaaec7adcb9cc5abdff9daf8b400bd96255c52aef46
2023-07-06,6411.19107965,507150c13d520874bdce009f8906348969bc689ef8859e1cf4595ef15c3b4e62
2023-07-06,6411.19012362,507150c13d520874bdce009f8906348969bc689ef8859e1cf4595ef15c3b4e62
2024-03-12,6409.00767881,cbacb3c527d6276c9a0ba22848ab755417705c98bbc7590bc8e87695098d55c5
2024-03-12,6409.00267881,cbacb3c527d6276c9a0ba22848ab755417705c98bbc7590bc8e87695098d55c5
2024-01-29,6406.51060762,cd235e046e4fd4efb0abea43ed80458fee90c51b1b3818cf6b8c5d61875f245a
2024-01-29,6406.50560762,cd235e046e4fd4efb0abea43ed80458fee90c51b1b3818cf6b8c5d61875f245a
2023-12-04,6400.00904996,8a1c2c998d7a731bc1f34faed0ac09ea9239fb748cc41352cf804f23088c4fc9
2023-11-24,6400.00904996,d11394c34cd3274a44f83e25e5ec94c749b63f00e0ac86f4dcf05b87c453e6a2
2024-01-31,6391.0002771,c55a000d6c396a282ddc21263ee9bc63ec9099377fd49423036d602b7d3663e8
2024-01-31,6391,c55a000d6c396a282ddc21263ee9bc63ec9099377fd49423036d602b7d3663e8
2024-03-05,6363.63862561,167937639e13c4ac813ee2a66d1941c3c185f962e7b5426bb8f953e2f4033aa4
2024-03-05,6363.63362561,167937639e13c4ac813ee2a66d1941c3c185f962e7b5426bb8f953e2f4033aa4
2023-10-26,6363.23204539,ac9052b16772087c63fa88a3582f25e0aed09567fb0de2ccb90f7420081f3ec6
2023-10-13,6363.23178139,1a483c566c3afeedca27199d72676a19d36e9de424c0b2f07c4b28f399432124
2024-04-12,6361.43098474,14d93001990874014e3b8fe6ddf2663adf2975352a26c18449073bf45531e806
2024-04-12,6361.42098474,14d93001990874014e3b8fe6ddf2663adf2975352a26c18449073bf45531e806
2024-02-29,6360.00890617,e81a6cc933a890db81c1c9304c4e53c606dcfa469b0fcf22d0a747dc2802678e
2023-12-04,6360.00890617,8a1c2c998d7a731bc1f34faed0ac09ea9239fb748cc41352cf804f23088c4fc9
2023-06-28,6343.62802779,47c20bf0af4f309ef33ef0c2975db09b82bccf6e3a11fc45c4943c5b863e73ac
2024-01-05,6343.62652779,2defb4edb4344ccf14f188f4f69f744f4ab9e57656ab938a517f29bc8919c838
2023-06-28,6343.62652779,47c20bf0af4f309ef33ef0c2975db09b82bccf6e3a11fc45c4943c5b863e73ac
2023-10-10,6337.36225444,1c93114b7cbe3e7a9ebe0e5b1b7207b8a643de815357ca4dad3eba97000f4965
2023-10-10,6333.33090285,1c93114b7cbe3e7a9ebe0e5b1b7207b8a643de815357ca4dad3eba97000f4965
2023-12-22,6301.83299,929c5673fd8cd87ba495d8821cfef766ecf0d58111efb9e81f07f4fe2b705c8b
2023-12-22,6301.83,929c5673fd8cd87ba495d8821cfef766ecf0d58111efb9e81f07f4fe2b705c8b
2024-02-16,6297.12394882,c5e388a9f2b23f86c759839d8d3de54f118c4909f4f85d16ca4ae24087fde9c4
2024-02-15,6297.12378618,c0347b4000d8397a88308c3583a4b6833d6f3a93d3ecb1fe5b080b319cf4f9dd
2023-08-17,6291.43,5822569cee54e8bdc4b2138cacd9a6a3ccfabf162fb3b9c773c430ed541bbd60
2023-10-23,6264.999897,e7fa78e8dc3d39e60403bda680dcb967f3eea43ae7108eb3bf5831b28890e2c3
2024-01-30,6263.19549224,fd178b18c477be1b6a786818164ad4027f644fbbe0abf2debf1479d986801209
2024-01-30,6263.19049224,fd178b18c477be1b6a786818164ad4027f644fbbe0abf2debf1479d986801209
2023-10-11,6255.35601007,076a4f1b770c2b1293b95e6a005fe49f69b11e8a145e997efbdef7b0b06368ec
2023-10-11,6255.35577247,4d5f4791554ae930acf495d02b00ef477c01422fb8f11d3fe398f96e2e770a76
2024-01-19,6231.22256579,b4d44e8df05d50b2033d147604e9387a9007a6b155b1e1920b15a6eae13e6f3b
2024-02-29,6190.92462425,7332ac9f743080bbee059e85575bb7041fcebd7cdd6b02bdcb9672525c0f3baa
2023-10-02,6175.00829849,bae33ba8398d1e6a9feead8a4d498fa6b6a94fb8cb4f25f35d243d84a52962b2
2023-10-02,6172.18675573,bae33ba8398d1e6a9feead8a4d498fa6b6a94fb8cb4f25f35d243d84a52962b2
2023-09-01,6172.14041725,7d6bcb5a22154c531d376474d5ed0bf3bdf3ea811aa2dbb962a6afdbc1fc1dcb
2023-09-07,6166.8757132,622b298e2092c1740ae6b7009b4dde8a2efd5d2f6c65f04c2558fd09b86b169f
2023-09-01,6166.87530418,7d6bcb5a22154c531d376474d5ed0bf3bdf3ea811aa2dbb962a6afdbc1fc1dcb
2023-09-12,6163.42711644,837eaae590f33f5f137ffe62263c76a23b1134d9aebc7879504a7f2139f9ba09
2023-09-25,6158.86074013,c10231ad52330f6dcc2313eb9c9cbe0237817ef94550142ced650f9dc0e0206c
2023-09-12,6158.86027438,837eaae590f33f5f137ffe62263c76a23b1134d9aebc7879504a7f2139f9ba09
2023-08-29,6157.96593173,ca67803d79944d0bd8fc29946f7c91ca60fa8a7c0866400250140f4132cd96de
2023-08-29,6157.9658684,ca67803d79944d0bd8fc29946f7c91ca60fa8a7c0866400250140f4132cd96de
2023-10-24,6154.70016549,358da31c0d65e6460c53dab9798beb1cd757ab2ca7ecd66786842a2f8180d373
2023-09-26,6154.36141913,61781bf977bb7e1309941f8fded7c79fc9a7aded467ce2865728c23107fa9629
2023-09-25,6154.36102313,c10231ad52330f6dcc2313eb9c9cbe0237817ef94550142ced650f9dc0e0206c
2024-02-06,6145.8940984,0280950899cef04918306f1290b7dd4f5d8422ee2e6a1e95948cbb5e811be9d9
2024-02-06,6145.8890984,0280950899cef04918306f1290b7dd4f5d8422ee2e6a1e95948cbb5e811be9d9
2024-02-14,6144.59852029,107299a9877ad929d4594cebdb291429648467267542ae546175fa77ad9ecfbb
2024-02-14,6144.59352029,107299a9877ad929d4594cebdb291429648467267542ae546175fa77ad9ecfbb
2023-09-07,6142.764783,622b298e2092c1740ae6b7009b4dde8a2efd5d2f6c65f04c2558fd09b86b169f
2024-02-20,6129.43750411,ae1401c4e40680fe38cec90f6cd10016a749a41a8e152a1e4abe64941f0957de
2023-12-27,6128.03239302,70ae632e7331f8c3aca7d0c19567d71faeae2392c4c36f02be4ce6f446b6c053
2024-02-02,6099.99891164,7ebbd750feaa5f3d3a4528e81377c2f8d691231910eff4e262eb6af8b754286b
2024-01-30,6099.99891164,bd96deb8f0991a32e7b77184f0b73893821b7940f9c33cd1a40aaed0c7119c25
2024-03-22,6099.99773288,9114fa32119fb742233f44a870bed42bf03476ce9074fb2f008691ec77e57bbd
2024-03-19,6099.99773288,1cc98cfdb8959daccc5459ba1e38e8f1eb71d7e58761e75e993b25f691bbc11d
2023-09-26,6092.41031009,61781bf977bb7e1309941f8fded7c79fc9a7aded467ce2865728c23107fa9629
2024-03-01,6087.64069136,fbba3ec1059c7cf0975ef050a81b484c0db86a897546c362d3ec92b19cfb37c9
2023-08-21,6065.17171967,f5ff9e9e8019393203059312fc7fa0f1e95ac4f309e78865331c72c94867a37b
2023-08-21,6061.88019945,f5ff9e9e8019393203059312fc7fa0f1e95ac4f309e78865331c72c94867a37b
2023-08-11,6060.60301405,24112676cb14164d2aefb08c0dbba32d89e507566be4c88d0d7d6bc16c6756b1
2024-03-28,6056.61123912,368212079ebded68d75c6ac6e5506c7c14ec03e2c780f2b6f06c390e6d0a6c79
2023-08-11,6056.55105033,24112676cb14164d2aefb08c0dbba32d89e507566be4c88d0d7d6bc16c6756b1
2023-10-04,6048.0684917,fcc6c886b9902bc995ffb395e05b54717091cfe35b108fb57d96c36e3ca374c0
2023-08-18,6041.4291395,a8b6dbdd53235a940724e2f6a4c55750fef16c60bb1199e7de1aa77db39fdc2b
2023-08-17,6041.4291395,5822569cee54e8bdc4b2138cacd9a6a3ccfabf162fb3b9c773c430ed541bbd60
2024-02-05,6040.28607641,ed98447ca799730231f10ca514361dd1c259a50bdfb16d3516ff40e814eea924
2024-02-05,6040.28107641,ed98447ca799730231f10ca514361dd1c259a50bdfb16d3516ff40e814eea924
2024-02-29,6034.28060068,d706b9110457312013a6d134f27b840d341f334e767a4105b13fc225410a434a
2024-02-04,6028.1433819,4371e4c6db9b05c590180d8b7f843e873f94504fc490dc5ee18a9ed300f0ef69
2023-12-27,6028.1433819,70ae632e7331f8c3aca7d0c19567d71faeae2392c4c36f02be4ce6f446b6c053
2024-01-30,6022.77135753,8996a200fa55005591552cfd7dec10bd438ee4fdf888e7f81b01912f74e3cb90
2024-01-30,6022.76635753,8996a200fa55005591552cfd7dec10bd438ee4fdf888e7f81b01912f74e3cb90
2023-06-18,6019.99955,547e4304345bc2616cd1972b7c416c438c3bc0a91cbef076a4622c7e45b6481b
2023-12-11,6017.02240411,2c80a4e058ed4571fd5e2332531265fee0bfdcc6496d671d43af2a01ebe75648
2023-12-11,6017.02100491,a0925cbb298788f2a84d68d3e66ec9fe7b3d6b1436869e2861d4c08c81329a82
2023-09-07,6014.9996046,3360350dc312f84877ffdecd10efc1fb09e149cd5d4ca29d25b3c5ae9c264f20
2024-03-08,6002.89627207,03a67a2eaefa025f4dd7b21eba34ead86f3b8b7aa837cd295b258afb6e0429de
2024-01-04,6000.01512377,66c69b219d026b189dabf4b06048b7fdcb00c5ab2f24836be4e4de3e76380beb
2024-04-06,6000,0c6d914a58f391cb72692ee3f8094ec9d6091c00a49124c8c4e37127b7079d3c
2024-02-20,6000,04a61210d67ca8f00b20feda3e64fcb413896e15714fb59482a1c475f09e4c84
2024-01-04,6000,66c69b219d026b189dabf4b06048b7fdcb00c5ab2f24836be4e4de3e76380beb
2023-10-04,6000,fcc6c886b9902bc995ffb395e05b54717091cfe35b108fb57d96c36e3ca374c0
2023-10-24,5999.999897,d85fd98206609996f367e3846567fe0ee384f63b3300b06c1cd3a2fbf9e8a89e
2023-10-23,5999.99963234,e7fa78e8dc3d39e60403bda680dcb967f3eea43ae7108eb3bf5831b28890e2c3
2023-06-13,5999.99955,5cb6092540ac5733b3b6bea4e730b3387691602ec069372365f14d63ee11785b
2023-12-07,5999.99853714,c481d47e230f35029e9453b220b5fc45b9da54a04d292937129859f114a4c6f9
2023-12-05,5999.99853714,4a91810a1c4df7b3b98d788aed8514aa1f247f47f3fdb803cea77a062a620495
2023-12-22,5999.97959592,bc751d28370b93925b88f15e5b7e607ca9fe5f096075837fe8f161e560c04e0b
2023-12-21,5999.97959592,d74197346b2d3106c24b64fa0bc82ce8ac10605dacbb612ad5867678ede968a6
2023-09-09,5994.9996046,122fd40bf97147d8f1464fa98a248191e039138285a35a150e77a7a08db0debc
2023-09-07,5994.99909934,3360350dc312f84877ffdecd10efc1fb09e149cd5d4ca29d25b3c5ae9c264f20
2024-02-09,5993.1433478,c014b45876044e69cee273363552a10c65e07e485c965d9dfd99127ad793964f
2024-02-04,5993.1433478,4371e4c6db9b05c590180d8b7f843e873f94504fc490dc5ee18a9ed300f0ef69
2023-06-13,5989.99872428,5cb6092540ac5733b3b6bea4e730b3387691602ec069372365f14d63ee11785b
2024-03-14,5986.27750411,2a2968b8fae9759eeb58216de8f7cd4034aa8927ed1b1736f39345e77b6ebaa4
2024-03-13,5986.27727839,33c7eb08b8fb21e633756ba412c483fc08746be74b5fe9e0f1ae1ef93229d0ed
2023-08-29,5982.9996046,14ebcdce5f70bd7acbc826d259a8a76de0615028d01cc366d054215310907cc8
2023-07-21,5982.52595547,91b2ddd7cb223b8a9c5b848374088ce4ac46f043f52e0b32ad957f9280a4ddb9
2023-07-20,5982.52561227,5d167c8465cf33df1bfe2d76583a0a522b66126dbf3bb1592d65501afd250c59
2023-09-15,5979.9996046,55b6fead469d0a938113942686af0fe1df5d123e1c09fcf58f41fb1b84b6d880
2023-06-20,5979.99955,8700d5913d823385b02e1f3e91221ce8833374b446bd9366cda8cd4400606124
2024-04-26,15944.41665547,ac87e7df9a74d662cc7ea97612fd69ac4a3782d026967f4a7fcc49ef7d536181
2024-04-26,15944.40400326,ac87e7df9a74d662cc7ea97612fd69ac4a3782d026967f4a7fcc49ef7d536181
2024-02-14,15886.59818507,17557f5876834081f323eee30268dc732b54e153eede6251efccf6470c994a43
2024-02-14,15886.59798391,aa5ea5234cadfd3580bb77b3e7dd9e1eb912b59a5035bdae337ce7f05deebc09
2024-04-23,15864.41016101,1fe798fce8740abdbab53f33c88340c9dd5d0ab889a425899adf05ac760fa99f
2024-04-15,15843.25665001,2432a5515f744b19a8ff63c7e99a9e25cccedbb34afb854e9be313f103a038ad
2024-04-13,15807.57665001,7d116abc2e2f47ff407b69188f19d17b1a9c65dc3fc3f3637be18c8943614783
2024-04-06,15805.38665001,50d1675f1346943c2e8b4773b18bdf39181110759fec12b9843c575ecd5df33e
2024-04-07,15745.38665001,48cd9adc195236ad3bc13e29b5f7a7ec9768331cf1ea615c104f2b6a111d94f4
2024-04-06,15745.38643853,50d1675f1346943c2e8b4773b18bdf39181110759fec12b9843c575ecd5df33e
2024-01-17,15732.03110967,7436384f0ac2b4a4be84ddc94efae805d5370bfd876eb2f48df2e1e5a22d26e3
2024-04-08,15715.38665001,9714cf89699881af11da33caf3a2fc66dc6931f1d5a111a389f89459a78ab840
2024-04-07,15715.38658153,48cd9adc195236ad3bc13e29b5f7a7ec9768331cf1ea615c104f2b6a111d94f4
2024-04-13,15707.57570501,7d116abc2e2f47ff407b69188f19d17b1a9c65dc3fc3f3637be18c8943614783
2024-02-21,15679.13664455,43f4bae1a53049f691b98fd314184f13e238243813733ad470a4d7eccc022dee
2024-01-22,15657.62723228,8106fdb90e0e8013991d5dbd4c7b4c912b8b1aaf1150ce98ce96492c427374c8
2024-04-09,15615.38665001,d06143591fca6a804b6346e7565d3bab559dc24f6622ce7858b7f04a47c99029
2024-04-08,15615.38657725,9714cf89699881af11da33caf3a2fc66dc6931f1d5a111a389f89459a78ab840
2024-02-24,15599.13664455,236daa4273d8bf28fbc4a1595cebfa1e4e444a8e10ccba1cf5a0c8268678f671
2024-02-21,15599.13613339,43f4bae1a53049f691b98fd314184f13e238243813733ad470a4d7eccc022dee
2023-09-09,5979.9991822,122fd40bf97147d8f1464fa98a248191e039138285a35a150e77a7a08db0debc
2023-06-18,5979.99895384,547e4304345bc2616cd1972b7c416c438c3bc0a91cbef076a4622c7e45b6481b
2023-07-24,5974.62295547,7f12d93430c9f1f7735c7aa97f895604b0f1cd45ae7cf2dca269d43da410b944
2023-07-24,5974.62126554,e6545daa1beede0c6a882ef1bdc8bf2709edf4ed3d8bad101bf1db571232fca9
2024-03-15,5972.84911131,3887fa3f102ebed7dde8500a2ae987e0e62055a6068952288a471043cffa4cd9
2023-09-15,5969.9996046,bb764ddd88a611840b5636b33a373c57b92b6fd865716bcb33e9a22df7c1140a
2023-09-15,5969.999301,55b6fead469d0a938113942686af0fe1df5d123e1c09fcf58f41fb1b84b6d880
2024-02-07,5965.78678887,b2f32c7a36ae4b6aee1c40a1b61ff85d93bd30e00ab172565a61696e531cc385
2024-02-07,5965.78178887,b2f32c7a36ae4b6aee1c40a1b61ff85d93bd30e00ab172565a61696e531cc385
2023-06-08,5964.99955,058e13b71b5159cce5b429ee6037b615c851fe3136c3a8eeebcfdc1023819ed4
2023-08-30,5962.9996046,330f296d10662dbf1ca994ff779a59d8fcbfc84536e0608a46a72ef5e8ecc0b0
2023-08-29,5962.99879769,14ebcdce5f70bd7acbc826d259a8a76de0615028d01cc366d054215310907cc8
2024-02-20,5960.538773,04a61210d67ca8f00b20feda3e64fcb413896e15714fb59482a1c475f09e4c84
2024-03-05,5960.00886945,9f18f7e9a24f103a5c0fdc7cbec324a85b3cd58811c1b414ea7e83e058a97d72
2024-02-29,5960.00886945,e81a6cc933a890db81c1c9304c4e53c606dcfa469b0fcf22d0a747dc2802678e
2024-02-13,5957.25531811,4d2dd793dd7fdb6c2e127bf57c1acaa5bb15b060697f576a7e00db3dee1c75fa
2024-02-09,5957.25531811,c014b45876044e69cee273363552a10c65e07e485c965d9dfd99127ad793964f
2023-08-31,5952.9996046,e025ecfc1eaaf1dc6a363e2b79af46253c3c144ff73005896e12fe3c36421faa
2023-08-30,5952.999433,330f296d10662dbf1ca994ff779a59d8fcbfc84536e0608a46a72ef5e8ecc0b0
2023-08-01,5948.88820031,ce3ce42ed78920470f177ff366db828d412811ee8f0f9c336c0856cb949cb5ba
2023-08-02,5943.36807733,10c3f9aa243cc54395e68966c557154ea4a6ac8e3b115802eed5c4763fef9653
2023-08-01,5943.36785377,ce3ce42ed78920470f177ff366db828d412811ee8f0f9c336c0856cb949cb5ba
2023-07-19,5936.29861202,5c9cfc142b9bf74b7d608d9f33660ed111e54a55cc8f503c1e73b579f023c6a0
2023-08-31,5932.9993538,e025ecfc1eaaf1dc6a363e2b79af46253c3c144ff73005896e12fe3c36421faa
2023-07-19,5931.63203723,5c9cfc142b9bf74b7d608d9f33660ed111e54a55cc8f503c1e73b579f023c6a0
2024-02-17,5921.36640256,4cce753e5bfc35aa5dfe8e9515339939e308129753eb0298ca734199b0f142d9
2024-02-13,5921.36640256,4d2dd793dd7fdb6c2e127bf57c1acaa5bb15b060697f576a7e00db3dee1c75fa
2023-09-18,5919.9996046,1da54a850ea291443fbb90d22dfe4a2396d7bc0bc7f256cc54efa5ce0d6d1f68
2023-06-21,5919.99955,eb905d5d0a219e987fd996bac5d24f103ba07dc539f98911de49277db1019dcd
2023-09-15,5919.999367,bb764ddd88a611840b5636b33a373c57b92b6fd865716bcb33e9a22df7c1140a
2023-06-20,5919.9992464,8700d5913d823385b02e1f3e91221ce8833374b446bd9366cda8cd4400606124
2023-06-08,5919.99552136,058e13b71b5159cce5b429ee6037b615c851fe3136c3a8eeebcfdc1023819ed4
2024-04-18,5919.1686958,90910039063cd095dd0d1ce79c8a4bf7f440c6a190974785bf9ee7a97475ffe3
2024-04-18,5919.1586958,90910039063cd095dd0d1ce79c8a4bf7f440c6a190974785bf9ee7a97475ffe3
2023-08-02,5912.32155721,10c3f9aa243cc54395e68966c557154ea4a6ac8e3b115802eed5c4763fef9653
2024-03-14,5896.52068803,21041e7e0189ca9df774bbf4fc2cc1d90e52a72ee6f16cb175e474c1759e584b
2023-08-18,5891.4291063,fc5441b79bd358800f6347c0f11ae79333b760adab8d34922d917fe0b288e06d
2023-08-18,5891.4291063,a8b6dbdd53235a940724e2f6a4c55750fef16c60bb1199e7de1aa77db39fdc2b
2023-09-20,5889.9996046,456f70c9ab63113fa6942e573de4111c2297e776c6aaae9c0f027243701ec1a1
2023-09-18,5889.9992086,1da54a850ea291443fbb90d22dfe4a2396d7bc0bc7f256cc54efa5ce0d6d1f68
2024-02-19,5886.17758566,6788bc45d4d5a5650d7d18d85c9b6903af31845d478977db40f5af22ea9b0120
2024-02-17,5886.17758566,4cce753e5bfc35aa5dfe8e9515339939e308129753eb0298ca734199b0f142d9
2023-05-29,5884.99955,c40d8633422255f6598e663fef4e0c07707858eca3ab413b178a5e749d634c23
2024-01-30,5884.36907809,a17dcccee6bf38f93aed78471010f26135e854a2efbb0dd0fd4b8ec3bac14f03
2024-01-30,5884.36407809,a17dcccee6bf38f93aed78471010f26135e854a2efbb0dd0fd4b8ec3bac14f03
2023-05-09,5879.74755547,085fc17485f247805dea35837e446cede82bf3eb1c4e4e4d9ea759fcae385c52
2023-05-09,5879.73983347,d09010129bb511be77029fd6f0b7684372be531f7ab90f8229e4a819f34eaf18
2023-09-21,5869.9996046,d73366b9088bf3763536491dec5337966db279a65d732e7fc828c5b445f81776
2023-09-20,5869.9990766,456f70c9ab63113fa6942e573de4111c2297e776c6aaae9c0f027243701ec1a1
2024-02-24,5850.98876733,a1757cb54b49b679d72c145a23d76c73a55104e68e0b20046daad21b6284b301
2024-02-19,5850.98876733,6788bc45d4d5a5650d7d18d85c9b6903af31845d478977db40f5af22ea9b0120
2023-10-02,5844.9996046,b1a6f97d09712372fe28acec6c465d5e4028bd17c3ffd55b9011a0bd9d06514b
2023-09-27,5844.9996046,89ac1d8cbf9f8310080b71278a75bdf6dffe990cf41aa9c20ca2ca8cab24d3d2
2024-03-24,5844.67788449,e935d446a0e6c22ff866283490f0705f798cd06f7bf5737b619c737e28b79dc6
2024-03-24,5844.67788449,22f349b62df16af9c6510bd1c547ba912c041ee4bdf27a29c1f1c3d5e9dea48c
2023-10-16,5839.9996046,a9022a15b4b37b98e3782bb323c29bc930bde6ad5b231f2b743a965569af40ee
2023-09-24,5839.9996046,e3c331d10054f3b17ccacdcff4fabc802dd601d0794e02240f9c2ae909f5990e
2023-09-21,5839.999103,d73366b9088bf3763536491dec5337966db279a65d732e7fc828c5b445f81776
2023-09-28,5834.9996046,370eba08d36083a1cb74166a5ddd021770cf11e2786161ee04eed585a85cc2a0
2023-05-19,5834.99955,46d24c29cf8c033ad75b9415d12b5bf673a3107c9034425ab4791a5a88b95aec
2023-09-27,5834.99912022,89ac1d8cbf9f8310080b71278a75bdf6dffe990cf41aa9c20ca2ca8cab24d3d2
2023-09-24,5834.9990766,e3c331d10054f3b17ccacdcff4fabc802dd601d0794e02240f9c2ae909f5990e
2023-06-21,5831.23687719,fd5e9a5b30070e84c83fc24ab7194ab9c8fe05864d6eb5444055c832c6b66910
2024-02-01,5824.29600865,43d9b7c7742ea4f6405f9d28604555217b71510329f2238992471053f74880f2
2024-02-01,5824.29100865,43d9b7c7742ea4f6405f9d28604555217b71510329f2238992471053f74880f2
2024-02-28,5815.76674803,10d55401e265ff7763893aa0cba0d8bd815c21c9559e350a3e7dbeb3fc3081a8
2024-02-24,5815.76674803,a1757cb54b49b679d72c145a23d76c73a55104e68e0b20046daad21b6284b301
2023-05-19,5814.99348952,46d24c29cf8c033ad75b9415d12b5bf673a3107c9034425ab4791a5a88b95aec
2024-02-08,5813.08045007,104a0eb4d4d3fefc317d9ce1735edc2c6ed164a99c6544e42a6ba2fe8f9a933b
2024-02-08,5813.07545007,104a0eb4d4d3fefc317d9ce1735edc2c6ed164a99c6544e42a6ba2fe8f9a933b
2024-01-22,5810.83598266,8106fdb90e0e8013991d5dbd4c7b4c912b8b1aaf1150ce98ce96492c427374c8
2023-10-17,5809.9996046,c3e741d8257691ec34f2b950f4e78d453336cd72052cb06fed6c9d617d65b83d
2023-10-16,5809.99901096,a9022a15b4b37b98e3782bb323c29bc930bde6ad5b231f2b743a965569af40ee
2023-05-30,5804.99955,af2f8f7494c36a67c407ed8cf42ed9c67a3d7e312e7a9a46b3992dafb5250462
2023-05-29,5804.99837106,c40d8633422255f6598e663fef4e0c07707858eca3ab413b178a5e749d634c23
2023-10-24,5804.70016549,2bae86850fcf7dac0db7738f637cef267a57119a71074f09678dd92c04fad499
2023-10-24,5804.69994109,358da31c0d65e6460c53dab9798beb1cd757ab2ca7ecd66786842a2f8180d373
2023-06-22,5800,7c847fa465b31b725a65ffcb675cc0f16bd5725d7bb9056551f41f3ef997e2d9
2023-06-21,5800,fd5e9a5b30070e84c83fc24ab7194ab9c8fe05864d6eb5444055c832c6b66910
2023-10-18,5794.9996046,664d2ae361bcadea2be29e7aeb1e5ca6f3120c5957f0ede44bd4a2786a961f89
