date,cumulative_volume
2023-05-08,13868.76699996
2023-05-08,13868.76699996
2023-05-09,45390.97413064
2023-05-09,45390.97413064
2023-05-09,45390.97413064
2023-05-09,45390.97413064
2023-05-09,45390.97413064
2023-05-09,45390.97413064
2023-05-10,147050.99534073
2023-05-10,147050.99534073
2023-05-10,147050.99534073
2023-05-10,147050.99534073
2023-05-10,147050.99534073
2023-05-10,147050.99534073
2023-05-10,147050.99534073
2023-05-10,147050.99534073
2023-05-10,147050.99534073
2023-05-10,147050.99534073
2023-05-10,147050.99534073
2023-05-11,222143.81631093
2023-05-11,222143.81631093
2023-05-11,222143.81631093
2023-05-11,222143.81631093
2023-05-11,222143.81631093
2023-05-11,222143.81631093
2023-05-11,222143.81631093
2023-05-12,269847.69050746004
2023-05-12,269847.69050746004
2023-05-12,269847.69050746004
2023-05-12,269847.69050746004
2023-05-12,269847.69050746004
2023-05-12,269847.69050746004
2023-05-12,269847.69050746004
2023-05-15,342490.6170128
2023-05-15,342490.6170128
2023-05-15,342490.6170128
2023-05-15,342490.6170128
2023-05-15,342490.6170128
2023-05-15,342490.6170128
2023-05-15,342490.6170128
2023-05-17,363217.08018706
2023-05-17,363217.08018706
2023-05-18,403590.65062025
2023-05-18,403590.65062025
2023-05-18,403590.65062025
2023-05-18,403590.65062025
2023-05-19,472870.47911812994
2023-05-19,472870.47911812994
2023-05-19,472870.47911812994
2023-05-19,472870.47911812994
2023-05-19,472870.47911812994
2023-05-19,472870.47911812994
2023-05-19,472870.47911812994
2023-05-19,472870.47911812994
2023-05-19,472870.47911812994
2023-05-19,472870.47911812994
2023-05-19,472870.47911812994
2023-05-19,472870.47911812994
2023-05-22,516106.48361813
2023-05-22,516106.48361813
2023-05-22,516106.48361813
2023-05-22,516106.48361813
2023-05-22,516106.48361813
2023-05-22,516106.48361813
2023-05-23,635014.4874894198
2023-05-23,635014.4874894198
2023-05-23,635014.4874894198
2023-05-23,635014.4874894198
2023-05-23,635014.4874894198
2023-05-23,635014.4874894198
2023-05-23,635014.4874894198
2023-05-23,635014.4874894198
2023-05-23,635014.4874894198
2023-05-23,635014.4874894198
2023-05-23,635014.4874894198
2023-05-23,635014.4874894198
2023-05-23,635014.4874894198
2023-05-23,635014.4874894198
2023-05-23,635014.4874894198
2023-05-23,635014.4874894198
2023-05-23,635014.4874894198
2023-05-23,635014.4874894198
2023-05-25,697647.4542927797
2023-05-25,697647.4542927797
2023-05-25,697647.4542927797
2023-05-25,697647.4542927797
2023-05-26,725647.4530924397
2023-05-26,725647.4530924397
2023-05-26,725647.4530924397
2023-05-26,725647.4530924397
2023-05-26,725647.4530924397
2023-05-26,725647.4530924397
2023-05-27,752714.3426507997
2023-05-27,752714.3426507997
2023-05-27,752714.3426507997
2023-05-27,752714.3426507997
2023-05-29,806712.5098112497
2023-05-29,806712.5098112497
2023-05-29,806712.5098112497
2023-05-29,806712.5098112497
2023-05-29,806712.5098112497
2023-05-29,806712.5098112497
2023-05-29,806712.5098112497
2023-05-29,806712.5098112497
2023-05-30,843942.0670202594
2023-05-30,843942.0670202594
2023-05-30,843942.0670202594
2023-05-30,843942.0670202594
2023-05-30,843942.0670202594
2023-05-30,843942.0670202594
2023-05-30,843942.0670202594
2023-05-31,896477.5352665794
2023-05-31,896477.5352665794
2023-05-31,896477.5352665794
2023-05-31,896477.5352665794
2023-05-31,896477.5352665794
2023-05-31,896477.5352665794
2023-05-31,896477.5352665794
2023-05-31,896477.5352665794
2023-06-01,965354.6835910293
2023-06-01,965354.6835910293
2023-06-01,965354.6835910293
2023-06-01,965354.6835910293
2023-06-01,965354.6835910293
2023-06-01,965354.6835910293
2023-06-01,965354.6835910293
2023-06-01,965354.6835910293
2023-06-01,965354.6835910293
2023-06-01,965354.6835910293
2023-06-01,965354.6835910293
2023-06-01,965354.6835910293
2023-06-02,998639.1118062492
2023-06-02,998639.1118062492
2023-06-02,998639.1118062492
2023-06-02,998639.1118062492
2023-06-02,998639.1118062492
2023-06-02,998639.1118062492
2023-06-02,998639.1118062492
2023-06-04,1002639.1103062492
2023-06-05,1020254.2490777692
2023-06-05,1020254.2490777692
2023-06-05,1020254.2490777692
2023-06-06,1055714.1026242892
2023-06-06,1055714.1026242892
2023-06-06,1055714.1026242892
2023-06-06,1055714.1026242892
2023-06-08,1067599.0976956494
2023-06-08,1067599.0976956494
2023-06-11,1085588.7235949794
2023-06-11,1085588.7235949794
2023-06-12,1140181.0763345594
2023-06-12,1140181.0763345594
2023-06-12,1140181.0763345594
2023-06-12,1140181.0763345594
2023-06-12,1140181.0763345594
2023-06-12,1140181.0763345594
2023-06-13,1194134.253898469
2023-06-13,1194134.253898469
2023-06-13,1194134.253898469
2023-06-13,1194134.253898469
2023-06-13,1194134.253898469
2023-06-13,1194134.253898469
2023-06-13,1194134.253898469
2023-06-13,1194134.253898469
2023-06-13,1194134.253898469
2023-06-13,1194134.253898469
2023-06-13,1194134.253898469
2023-06-13,1194134.253898469
2023-06-14,1241830.391526519
2023-06-14,1241830.391526519
2023-06-14,1241830.391526519
2023-06-14,1241830.391526519
2023-06-14,1241830.391526519
2023-06-14,1241830.391526519
2023-06-14,1241830.391526519
2023-06-14,1241830.391526519
2023-06-14,1241830.391526519
2023-06-14,1241830.391526519
2023-06-14,1241830.391526519
2023-06-14,1241830.391526519
2023-06-15,1279004.7699203694
2023-06-15,1279004.7699203694
2023-06-15,1279004.7699203694
2023-06-15,1279004.7699203694
2023-06-15,1279004.7699203694
2023-06-15,1279004.7699203694
2023-06-15,1279004.7699203694
2023-06-16,1305209.1447684895
2023-06-16,1305209.1447684895
2023-06-16,1305209.1447684895
2023-06-17,1346390.1447684895
2023-06-17,1346390.1447684895
2023-06-18,1366454.4776105396
2023-06-18,1366454.4776105396
2023-06-18,1366454.4776105396
2023-06-18,1366454.4776105396
2023-06-19,1640469.18550679
2023-06-19,1640469.18550679
2023-06-19,1640469.18550679
2023-06-19,1640469.18550679
2023-06-19,1640469.18550679
2023-06-19,1640469.18550679
2023-06-20,1662776.07445865
2023-06-20,1662776.07445865
2023-06-20,1662776.07445865
2023-06-20,1662776.07445865
2023-06-21,1729552.4055882306
2023-06-21,1729552.4055882306
2023-06-21,1729552.4055882306
2023-06-21,1729552.4055882306
2023-06-21,1729552.4055882306
2023-06-21,1729552.4055882306
2023-06-21,1729552.4055882306
2023-06-21,1729552.4055882306
2023-06-21,1729552.4055882306
2023-06-21,1729552.4055882306
2023-06-21,1729552.4055882306
2023-06-22,1778493.5250385706
2023-06-22,1778493.5250385706
2023-06-22,1778493.5250385706
2023-06-22,1778493.5250385706
2023-06-22,1778493.5250385706
2023-06-22,1778493.5250385706
2023-06-22,1778493.5250385706
2023-06-22,1778493.5250385706
2023-06-22,1778493.5250385706
2023-06-22,1778493.5250385706
2023-06-23,1828664.441850371
2023-06-23,1828664.441850371
2023-06-23,1828664.441850371
2023-06-23,1828664.441850371
2023-06-23,1828664.441850371
2023-06-23,1828664.441850371
2023-06-23,1828664.441850371
2023-06-23,1828664.441850371
2023-06-24,1839654.440461971
2023-06-24,1839654.440461971
2023-06-25,1863495.3285039712
2023-06-25,1863495.3285039712
2023-06-25,1863495.3285039712
2023-06-25,1863495.3285039712
2023-06-26,1929064.112668131
2023-06-26,1929064.112668131
2023-06-26,1929064.112668131
2023-06-26,1929064.112668131
2023-06-26,1929064.112668131
2023-06-26,1929064.112668131
2023-06-26,1929064.112668131
2023-06-26,1929064.112668131
2023-06-26,1929064.112668131
2023-06-26,1929064.112668131
2023-06-27,1947024.111441871
2023-06-27,1947024.111441871
2023-06-27,1947024.111441871
2023-06-27,1947024.111441871
2023-06-28,2003473.610526951
2023-06-28,2003473.610526951
2023-06-28,2003473.610526951
2023-06-28,2003473.610526951
2023-06-28,2003473.610526951
2023-06-28,2003473.610526951
2023-06-28,2003473.610526951
2023-06-28,2003473.610526951
2023-06-28,2003473.610526951
2023-06-28,2003473.610526951
2023-06-29,2041773.2793348911
2023-06-29,2041773.2793348911
2023-06-29,2041773.2793348911
2023-06-29,2041773.2793348911
2023-06-29,2041773.2793348911
2023-06-29,2041773.2793348911
2023-06-29,2041773.2793348911
2023-06-30,2089532.717579721
2023-06-30,2089532.717579721
2023-06-30,2089532.717579721
2023-06-30,2089532.717579721
2023-06-30,2089532.717579721
2023-06-30,2089532.717579721
2023-06-30,2089532.717579721
2023-06-30,2089532.717579721
2023-06-30,2089532.717579721
2023-06-30,2089532.717579721
2023-07-01,2165165.2065804615
2023-07-01,2165165.2065804615
2023-07-01,2165165.2065804615
2023-07-01,2165165.2065804615
2023-07-01,2165165.2065804615
2023-07-01,2165165.2065804615
2023-07-01,2165165.2065804615
2023-07-01,2165165.2065804615
2023-07-03,2175749.6066554617
2023-07-03,2175749.6066554617
2023-07-04,2187022.4196623717
2023-07-04,2187022.4196623717
2023-07-05,2200632.8510376117
2023-07-05,2200632.8510376117
2023-07-06,2245429.9865751415
2023-07-06,2245429.9865751415
2023-07-06,2245429.9865751415
2023-07-06,2245429.9865751415
2023-07-06,2245429.9865751415
2023-07-06,2245429.9865751415
2023-07-07,2261020.2782748817
2023-07-07,2261020.2782748817
2023-07-10,2276382.3228656016
2023-07-10,2276382.3228656016
2023-07-10,2276382.3228656016
2023-07-11,2304959.652469762
2023-07-11,2304959.652469762
2023-07-11,2304959.652469762
2023-07-11,2304959.652469762
2023-07-11,2304959.652469762
2023-07-12,2344674.402072992
2023-07-12,2344674.402072992
2023-07-12,2344674.402072992
2023-07-12,2344674.402072992
2023-07-12,2344674.402072992
2023-07-13,2365524.0978832026
2023-07-13,2365524.0978832026
2023-07-13,2365524.0978832026
2023-07-13,2365524.0978832026
2023-07-13,2365524.0978832026
2023-07-14,2396228.1309561324
2023-07-14,2396228.1309561324
2023-07-14,2396228.1309561324
2023-07-14,2396228.1309561324
2023-07-14,2396228.1309561324
2023-07-14,2396228.1309561324
2023-07-15,2412472.8218940827
2023-07-15,2412472.8218940827
2023-07-17,2436129.3840182624
2023-07-17,2436129.3840182624
2023-07-17,2436129.3840182624
2023-07-18,2458895.9355741222
2023-07-18,2458895.9355741222
2023-07-18,2458895.9355741222
2023-07-18,2458895.9355741222
2023-07-19,2506609.097012492
2023-07-19,2506609.097012492
2023-07-19,2506609.097012492
2023-07-19,2506609.097012492
2023-07-19,2506609.097012492
2023-07-19,2506609.097012492
2023-07-19,2506609.097012492
2023-07-19,2506609.097012492
2023-07-19,2506609.097012492
2023-07-20,2545137.187009342
2023-07-20,2545137.187009342
2023-07-20,2545137.187009342
2023-07-20,2545137.187009342
2023-07-20,2545137.187009342
2023-07-20,2545137.187009342
2023-07-21,2618720.1724492116
2023-07-21,2618720.1724492116
2023-07-21,2618720.1724492116
2023-07-21,2618720.1724492116
2023-07-21,2618720.1724492116
2023-07-21,2618720.1724492116
2023-07-21,2618720.1724492116
2023-07-21,2618720.1724492116
2023-07-21,2618720.1724492116
2023-07-21,2618720.1724492116
2023-07-23,2634102.9797591115
2023-07-23,2634102.9797591115
2023-07-24,2679283.2690612907
2023-07-24,2679283.2690612907
2023-07-24,2679283.2690612907
2023-07-24,2679283.2690612907
2023-07-24,2679283.2690612907
2023-07-24,2679283.2690612907
2023-07-24,2679283.2690612907
2023-07-24,2679283.2690612907
2023-07-25,2687930.6288270303
2023-07-25,2687930.6288270303
2023-07-27,2709047.8299134905
2023-07-27,2709047.8299134905
2023-07-27,2709047.8299134905
2023-07-27,2709047.8299134905
2023-07-27,2709047.8299134905
2023-07-28,2734103.6578263
2023-07-28,2734103.6578263
2023-07-28,2734103.6578263
2023-07-28,2734103.6578263
2023-07-28,2734103.6578263
2023-07-29,2743965.5424647597
2023-07-29,2743965.5424647597
2023-07-31,2761556.0649768095
2023-07-31,2761556.0649768095
2023-07-31,2761556.0649768095
2023-07-31,2761556.0649768095
2023-08-01,2777252.86504096
2023-08-01,2777252.86504096
2023-08-01,2777252.86504096
2023-08-02,2824521.2401568396
2023-08-02,2824521.2401568396
2023-08-02,2824521.2401568396
2023-08-02,2824521.2401568396
2023-08-02,2824521.2401568396
2023-08-02,2824521.2401568396
2023-08-02,2824521.2401568396
2023-08-02,2824521.2401568396
2023-08-08,2863168.2376410095
2023-08-08,2863168.2376410095
2023-08-08,2863168.2376410095
2023-08-08,2863168.2376410095
2023-08-08,2863168.2376410095
2023-08-08,2863168.2376410095
2023-08-08,2863168.2376410095
2023-08-08,2863168.2376410095
2023-08-09,2877192.9642272694
2023-08-09,2877192.9642272694
2023-08-09,2877192.9642272694
2023-08-10,2897374.207129739
2023-08-10,2897374.207129739
2023-08-10,2897374.207129739
2023-08-10,2897374.207129739
2023-08-11,2914491.3611941193
2023-08-11,2914491.3611941193
2023-08-11,2914491.3611941193
2023-08-14,2970936.931142759
2023-08-14,2970936.931142759
2023-08-14,2970936.931142759
2023-08-14,2970936.931142759
2023-08-14,2970936.931142759
2023-08-14,2970936.931142759
2023-08-14,2970936.931142759
2023-08-15,2975936.931142759
2023-08-16,3017019.763392909
2023-08-16,3017019.763392909
2023-08-16,3017019.763392909
2023-08-16,3017019.763392909
2023-08-16,3017019.763392909
2023-08-16,3017019.763392909
2023-08-16,3017019.763392909
2023-08-16,3017019.763392909
2023-08-17,3034352.622532409
2023-08-17,3034352.622532409
2023-08-17,3034352.622532409
2023-08-18,3108785.99233026
2023-08-18,3108785.99233026
2023-08-18,3108785.99233026
2023-08-18,3108785.99233026
2023-08-18,3108785.99233026
2023-08-18,3108785.99233026
2023-08-18,3108785.99233026
2023-08-21,3120913.04424938
2023-08-21,3120913.04424938
2023-08-22,3161647.6491630203
2023-08-22,3161647.6491630203
2023-08-22,3161647.6491630203
2023-08-22,3161647.6491630203
2023-08-22,3161647.6491630203
2023-08-22,3161647.6491630203
2023-08-22,3161647.6491630203
2023-08-23,3225128.5222007106
2023-08-23,3225128.5222007106
2023-08-23,3225128.5222007106
2023-08-23,3225128.5222007106
2023-08-23,3225128.5222007106
2023-08-23,3225128.5222007106
2023-08-24,3254632.2246200107
2023-08-24,3254632.2246200107
2023-08-24,3254632.2246200107
2023-08-24,3254632.2246200107
2023-08-24,3254632.2246200107
2023-08-24,3254632.2246200107
2023-08-25,3273514.0045727505
2023-08-25,3273514.0045727505
2023-08-25,3273514.0045727505
2023-08-25,3273514.0045727505
2023-08-28,3295281.1645420305
2023-08-28,3295281.1645420305
2023-08-28,3295281.1645420305
2023-08-28,3295281.1645420305
2023-08-29,3344179.6338838306
2023-08-29,3344179.6338838306
2023-08-29,3344179.6338838306
2023-08-29,3344179.6338838306
2023-08-29,3344179.6338838306
2023-08-29,3344179.6338838306
2023-08-29,3344179.6338838306
2023-08-29,3344179.6338838306
2023-08-29,3344179.6338838306
2023-08-30,3438510.7818848407
2023-08-30,3438510.7818848407
2023-08-30,3438510.7818848407
2023-08-30,3438510.7818848407
2023-08-30,3438510.7818848407
2023-08-30,3438510.7818848407
2023-08-30,3438510.7818848407
2023-08-30,3438510.7818848407
2023-08-30,3438510.7818848407
2023-08-30,3438510.7818848407
2023-08-30,3438510.7818848407
2023-08-30,3438510.7818848407
2023-08-30,3438510.7818848407
2023-08-31,3450396.7808432407
2023-08-31,3450396.7808432407
2023-09-01,3482735.7965646707
2023-09-01,3482735.7965646707
2023-09-01,3482735.7965646707
2023-09-01,3482735.7965646707
2023-09-01,3482735.7965646707
2023-09-01,3482735.7965646707
2023-09-01,3482735.7965646707
2023-09-05,3505607.960236781
2023-09-05,3505607.960236781
2023-09-05,3505607.960236781
2023-09-05,3505607.960236781
2023-09-06,3563002.4845432206
2023-09-06,3563002.4845432206
2023-09-06,3563002.4845432206
2023-09-06,3563002.4845432206
2023-09-06,3563002.4845432206
2023-09-07,3587322.1237433604
2023-09-07,3587322.1237433604
2023-09-07,3587322.1237433604
2023-09-07,3587322.1237433604
2023-09-09,3599297.1225301605
2023-09-09,3599297.1225301605
2023-09-12,3611619.4099209807
2023-09-12,3611619.4099209807
2023-09-14,3633879.001047031
2023-09-14,3633879.001047031
2023-09-14,3633879.001047031
2023-09-14,3633879.001047031
2023-09-15,3687568.9483401915
2023-09-15,3687568.9483401915
2023-09-15,3687568.9483401915
2023-09-15,3687568.9483401915
2023-09-15,3687568.9483401915
2023-09-15,3687568.9483401915
2023-09-15,3687568.9483401915
2023-09-16,3698290.4375503417
2023-09-16,3698290.4375503417
2023-09-18,3710100.4363635415
2023-09-18,3710100.4363635415
2023-09-19,3718100.4321010415
2023-09-19,3718100.4321010415
2023-09-20,3737861.112323242
2023-09-20,3737861.112323242
2023-09-20,3737861.112323242
2023-09-20,3737861.112323242
2023-09-21,3767759.486642462
2023-09-21,3767759.486642462
2023-09-21,3767759.486642462
2023-09-21,3767759.486642462
2023-09-21,3767759.486642462
2023-09-21,3767759.486642462
2023-09-22,3775614.7204954824
2023-09-22,3775614.7204954824
2023-09-23,3835622.5389360315
2023-09-23,3835622.5389360315
2023-09-23,3835622.5389360315
2023-09-23,3835622.5389360315
2023-09-23,3835622.5389360315
2023-09-23,3835622.5389360315
2023-09-23,3835622.5389360315
2023-09-23,3835622.5389360315
2023-09-23,3835622.5389360315
2023-09-24,3847297.5376172317
2023-09-24,3847297.5376172317
2023-09-25,3859610.7593804915
2023-09-25,3859610.7593804915
2023-09-26,3871857.5311097116
2023-09-26,3871857.5311097116
2023-09-27,3883537.5298345317
2023-09-27,3883537.5298345317
2023-09-28,3954137.241263812
2023-09-28,3954137.241263812
2023-09-28,3954137.241263812
2023-09-28,3954137.241263812
2023-09-28,3954137.241263812
2023-09-28,3954137.241263812
2023-09-28,3954137.241263812
2023-09-28,3954137.241263812
2023-09-28,3954137.241263812
2023-09-28,3954137.241263812
2023-09-28,3954137.241263812
2023-09-28,3954137.241263812
2023-09-29,3983133.2282583117
2023-09-29,3983133.2282583117
2023-09-29,3983133.2282583117
2023-09-29,3983133.2282583117
2023-09-30,4020675.673087312
2023-09-30,4020675.673087312
2023-09-30,4020675.673087312
2023-09-30,4020675.673087312
2023-09-30,4020675.673087312
2023-10-02,4064453.6062566917
2023-10-02,4064453.6062566917
2023-10-02,4064453.6062566917
2023-10-02,4064453.6062566917
2023-10-02,4064453.6062566917
2023-10-02,4064453.6062566917
2023-10-02,4064453.6062566917
2023-10-03,4076013.605122692
2023-10-03,4076013.605122692
2023-10-04,4141895.5001575314
2023-10-04,4141895.5001575314
2023-10-04,4141895.5001575314
2023-10-04,4141895.5001575314
2023-10-04,4141895.5001575314
2023-10-04,4141895.5001575314
2023-10-04,4141895.5001575314
2023-10-04,4141895.5001575314
2023-10-04,4141895.5001575314
2023-10-05,4165108.7920119213
2023-10-05,4165108.7920119213
2023-10-05,4165108.7920119213
2023-10-05,4165108.7920119213
2023-10-06,4178511.012444051
2023-10-06,4178511.012444051
2023-10-07,4193510.698543711
2023-10-08,4205040.697343051
2023-10-08,4205040.697343051
2023-10-09,4210640.697343051
2023-10-10,4269946.864873421
2023-10-10,4269946.864873421
2023-10-10,4269946.864873421
2023-10-10,4269946.864873421
2023-10-10,4269946.864873421
2023-10-10,4269946.864873421
2023-10-10,4269946.864873421
2023-10-10,4269946.864873421
2023-10-10,4269946.864873421
2023-10-11,4342132.890213591
2023-10-11,4342132.890213591
2023-10-11,4342132.890213591
2023-10-11,4342132.890213591
2023-10-11,4342132.890213591
2023-10-11,4342132.890213591
2023-10-11,4342132.890213591
2023-10-11,4342132.890213591
2023-10-11,4342132.890213591
2023-10-11,4342132.890213591
2023-10-11,4342132.890213591
2023-10-12,4361452.803831472
2023-10-12,4361452.803831472
2023-10-12,4361452.803831472
2023-10-12,4361452.803831472
2023-10-13,4378793.333668321
2023-10-13,4378793.333668321
2023-10-13,4378793.333668321
2023-10-16,4403287.1359750405
2023-10-16,4403287.1359750405
2023-10-16,4403287.1359750405
2023-10-16,4403287.1359750405
2023-10-17,4440717.60726921
2023-10-17,4440717.60726921
2023-10-17,4440717.60726921
2023-10-17,4440717.60726921
2023-10-18,4587688.85843861
2023-10-18,4587688.85843861
2023-10-18,4587688.85843861
2023-10-18,4587688.85843861
2023-10-18,4587688.85843861
2023-10-18,4587688.85843861
2023-10-18,4587688.85843861
2023-10-18,4587688.85843861
2023-10-18,4587688.85843861
2023-10-18,4587688.85843861
2023-10-18,4587688.85843861
2023-10-18,4587688.85843861
2023-10-18,4587688.85843861
2023-10-18,4587688.85843861
2023-10-18,4587688.85843861
2023-10-18,4587688.85843861
2023-10-18,4587688.85843861
2023-10-18,4587688.85843861
2023-10-18,4587688.85843861
2023-10-18,4587688.85843861
2023-10-18,4587688.85843861
2023-10-19,4610658.856368609
2023-10-19,4610658.856368609
2023-10-19,4610658.856368609
2023-10-19,4610658.856368609
2023-10-20,4689686.405112136
2023-10-20,4689686.405112136
2023-10-20,4689686.405112136
2023-10-20,4689686.405112136
2023-10-20,4689686.405112136
2023-10-20,4689686.405112136
2023-10-20,4689686.405112136
2023-10-20,4689686.405112136
2023-10-20,4689686.405112136
2023-10-20,4689686.405112136
2023-10-20,4689686.405112136
2023-10-20,4689686.405112136
2023-10-22,4700796.404149735
2023-10-22,4700796.404149735
2023-10-23,4783353.305276635
2023-10-23,4783353.305276635
2023-10-23,4783353.305276635
2023-10-23,4783353.305276635
2023-10-23,4783353.305276635
2023-10-23,4783353.305276635
2023-10-23,4783353.305276635
2023-10-23,4783353.305276635
2023-10-23,4783353.305276635
2023-10-23,4783353.305276635
2023-10-24,4908978.183905955
2023-10-24,4908978.183905955
2023-10-24,4908978.183905955
2023-10-24,4908978.183905955
2023-10-24,4908978.183905955
2023-10-24,4908978.183905955
2023-10-24,4908978.183905955
2023-10-24,4908978.183905955
2023-10-24,4908978.183905955
2023-10-24,4908978.183905955
2023-10-24,4908978.183905955
2023-10-24,4908978.183905955
2023-10-24,4908978.183905955
2023-10-24,4908978.183905955
2023-10-24,4908978.183905955
2023-10-24,4908978.183905955
2023-10-24,4908978.183905955
2023-10-24,4908978.183905955
2023-10-24,4908978.183905955
2023-10-24,4908978.183905955
2023-10-25,4945730.172370975
2023-10-25,4945730.172370975
2023-10-25,4945730.172370975
2023-10-25,4945730.172370975
2023-10-26,5056963.554083433
2023-10-26,5056963.554083433
2023-10-26,5056963.554083433
2023-10-26,5056963.554083433
2023-10-26,5056963.554083433
2023-10-26,5056963.554083433
2023-10-26,5056963.554083433
2023-10-26,5056963.554083433
2023-10-26,5056963.554083433
2023-10-26,5056963.554083433
2023-10-26,5056963.554083433
2023-10-27,5109782.417998453
2023-10-27,5109782.417998453
2023-10-27,5109782.417998453
2023-10-27,5109782.417998453
2023-10-27,5109782.417998453
2023-10-27,5109782.417998453
2023-10-27,5109782.417998453
2023-10-28,5152709.817206493
2023-10-28,5152709.817206493
2023-10-28,5152709.817206493
2023-10-28,5152709.817206493
2023-10-28,5152709.817206493
2023-10-29,5157709.8169210125
2023-10-30,5186008.207552043
2023-10-30,5186008.207552043
2023-10-30,5186008.207552043
2023-10-30,5186008.207552043
2023-10-31,5196258.334104182
2023-10-31,5196258.334104182
2023-11-01,5227115.971649202
2023-11-01,5227115.971649202
2023-11-01,5227115.971649202
2023-11-01,5227115.971649202
2023-11-01,5227115.971649202
2023-11-02,5250285.149030422
2023-11-02,5250285.149030422
2023-11-02,5250285.149030422
2023-11-02,5250285.149030422
2023-11-03,5354203.053970053
2023-11-03,5354203.053970053
2023-11-03,5354203.053970053
2023-11-03,5354203.053970053
2023-11-03,5354203.053970053
2023-11-03,5354203.053970053
2023-11-03,5354203.053970053
2023-11-03,5354203.053970053
2023-11-03,5354203.053970053
2023-11-03,5354203.053970053
2023-11-03,5354203.053970053
2023-11-03,5354203.053970053
2023-11-03,5354203.053970053
2023-11-06,5375758.546087192
2023-11-06,5375758.546087192
2023-11-06,5375758.546087192
2023-11-06,5375758.546087192
2023-11-07,5387780.429222472
2023-11-07,5387780.429222472
2023-11-08,5480448.067045361
2023-11-08,5480448.067045361
2023-11-08,5480448.067045361
2023-11-08,5480448.067045361
2023-11-08,5480448.067045361
2023-11-08,5480448.067045361
2023-11-08,5480448.067045361
2023-11-08,5480448.067045361
2023-11-08,5480448.067045361
2023-11-08,5480448.067045361
2023-11-08,5480448.067045361
2023-11-08,5480448.067045361
2023-11-08,5480448.067045361
2023-11-09,5639048.86547146
2023-11-09,5639048.86547146
2023-11-09,5639048.86547146
2023-11-09,5639048.86547146
2023-11-09,5639048.86547146
2023-11-09,5639048.86547146
2023-11-09,5639048.86547146
2023-11-09,5639048.86547146
2023-11-09,5639048.86547146
2023-11-09,5639048.86547146
2023-11-09,5639048.86547146
2023-11-09,5639048.86547146
2023-11-10,5669513.85082178
2023-11-10,5669513.85082178
2023-11-10,5669513.85082178
2023-11-10,5669513.85082178
2023-11-10,5669513.85082178
2023-11-10,5669513.85082178
2023-11-11,5708340.18189832
2023-11-11,5708340.18189832
2023-11-11,5708340.18189832
2023-11-11,5708340.18189832
2023-11-11,5708340.18189832
2023-11-13,5764941.20919608
2023-11-13,5764941.20919608
2023-11-13,5764941.20919608
2023-11-13,5764941.20919608
2023-11-13,5764941.20919608
2023-11-13,5764941.20919608
2023-11-14,5894677.1731841
2023-11-14,5894677.1731841
2023-11-14,5894677.1731841
2023-11-14,5894677.1731841
2023-11-14,5894677.1731841
2023-11-14,5894677.1731841
2023-11-14,5894677.1731841
2023-11-14,5894677.1731841
2023-11-14,5894677.1731841
2023-11-14,5894677.1731841
2023-11-14,5894677.1731841
2023-11-14,5894677.1731841
2023-11-14,5894677.1731841
2023-11-14,5894677.1731841
2023-11-14,5894677.1731841
2023-11-14,5894677.1731841
2023-11-14,5894677.1731841
2023-11-14,5894677.1731841
2023-11-15,5931275.22528178
2023-11-15,5931275.22528178
2023-11-15,5931275.22528178
2023-11-15,5931275.22528178
2023-11-15,5931275.22528178
2023-11-15,5931275.22528178
2023-11-16,5992220.481838519
2023-11-16,5992220.481838519
2023-11-16,5992220.481838519
2023-11-16,5992220.481838519
2023-11-16,5992220.481838519
2023-11-16,5992220.481838519
2023-11-16,5992220.481838519
2023-11-16,5992220.481838519
2023-11-17,6011393.803526638
2023-11-17,6011393.803526638
2023-11-17,6011393.803526638
2023-11-20,6035793.941020489
2023-11-20,6035793.941020489
2023-11-20,6035793.941020489
2023-11-20,6035793.941020489
2023-11-20,6035793.941020489
2023-11-20,6035793.941020489
2023-11-21,6070720.643200369
2023-11-21,6070720.643200369
2023-11-21,6070720.643200369
2023-11-21,6070720.643200369
2023-11-21,6070720.643200369
2023-11-22,6098815.823040717
2023-11-22,6098815.823040717
2023-11-22,6098815.823040717
2023-11-22,6098815.823040717
2023-11-23,6120295.813152237
2023-11-23,6120295.813152237
2023-11-23,6120295.813152237
2023-11-23,6120295.813152237
2023-11-24,6143845.829265607
2023-11-24,6143845.829265607
2023-11-24,6143845.829265607
2023-11-24,6143845.829265607
2023-11-25,6170532.757759247
2023-11-25,6170532.757759247
2023-11-27,6263034.979260576
2023-11-27,6263034.979260576
2023-11-27,6263034.979260576
2023-11-27,6263034.979260576
2023-11-27,6263034.979260576
2023-11-27,6263034.979260576
2023-11-27,6263034.979260576
2023-11-27,6263034.979260576
2023-11-27,6263034.979260576
2023-11-27,6263034.979260576
2023-11-28,6271554.407724276
2023-11-28,6271554.407724276
2023-11-29,6294928.181008796
2023-11-29,6294928.181008796
2023-11-29,6294928.181008796
2023-11-29,6294928.181008796
2023-11-30,6356200.631977767
2023-11-30,6356200.631977767
2023-11-30,6356200.631977767
2023-11-30,6356200.631977767
2023-11-30,6356200.631977767
2023-11-30,6356200.631977767
2023-11-30,6356200.631977767
2023-11-30,6356200.631977767
2023-12-01,6366760.630144167
2023-12-01,6366760.630144167
2023-12-03,6397604.575397686
2023-12-03,6397604.575397686
2023-12-03,6397604.575397686
2023-12-03,6397604.575397686
2023-12-04,6440391.327834836
2023-12-04,6440391.327834836
2023-12-04,6440391.327834836
2023-12-04,6440391.327834836
2023-12-04,6440391.327834836
2023-12-04,6440391.327834836
2023-12-05,6564056.645113296
2023-12-05,6564056.645113296
2023-12-05,6564056.645113296
2023-12-05,6564056.645113296
2023-12-05,6564056.645113296
2023-12-05,6564056.645113296
2023-12-05,6564056.645113296
2023-12-05,6564056.645113296
2023-12-05,6564056.645113296
2023-12-05,6564056.645113296
2023-12-05,6564056.645113296
2023-12-05,6564056.645113296
2023-12-05,6564056.645113296
2023-12-05,6564056.645113296
2023-12-05,6564056.645113296
2023-12-05,6564056.645113296
2023-12-06,6656537.393249566
2023-12-06,6656537.393249566
2023-12-06,6656537.393249566
2023-12-06,6656537.393249566
2023-12-06,6656537.393249566
2023-12-06,6656537.393249566
2023-12-06,6656537.393249566
2023-12-06,6656537.393249566
2023-12-06,6656537.393249566
2023-12-06,6656537.393249566
2023-12-06,6656537.393249566
2023-12-06,6656537.393249566
2023-12-07,6711108.570358615
2023-12-07,6711108.570358615
2023-12-07,6711108.570358615
2023-12-07,6711108.570358615
2023-12-07,6711108.570358615
2023-12-07,6711108.570358615
2023-12-07,6711108.570358615
2023-12-07,6711108.570358615
2023-12-07,6711108.570358615
2023-12-08,6748759.360343534
2023-12-08,6748759.360343534
2023-12-08,6748759.360343534
2023-12-08,6748759.360343534
2023-12-08,6748759.360343534
2023-12-08,6748759.360343534
2023-12-08,6748759.360343534
2023-12-08,6748759.360343534
2023-12-09,6759079.353843533
2023-12-09,6759079.353843533
2023-12-10,6768359.347343533
2023-12-10,6768359.347343533
2023-12-11,6877039.5925143855
2023-12-11,6877039.5925143855
2023-12-11,6877039.5925143855
2023-12-11,6877039.5925143855
2023-12-11,6877039.5925143855
2023-12-11,6877039.5925143855
2023-12-11,6877039.5925143855
2023-12-11,6877039.5925143855
2023-12-11,6877039.5925143855
2023-12-11,6877039.5925143855
2023-12-11,6877039.5925143855
2023-12-11,6877039.5925143855
2023-12-11,6877039.5925143855
2023-12-11,6877039.5925143855
2023-12-11,6877039.5925143855
2023-12-11,6877039.5925143855
2023-12-11,6877039.5925143855
2023-12-12,6941943.685391255
2023-12-12,6941943.685391255
2023-12-12,6941943.685391255
2023-12-12,6941943.685391255
2023-12-12,6941943.685391255
2023-12-12,6941943.685391255
2023-12-12,6941943.685391255
2023-12-12,6941943.685391255
2023-12-12,6941943.685391255
2023-12-13,6946062.917795365
2023-12-14,6980555.4028437035
2023-12-14,6980555.4028437035
2023-12-14,6980555.4028437035
2023-12-14,6980555.4028437035
2023-12-14,6980555.4028437035
2023-12-14,6980555.4028437035
2023-12-14,6980555.4028437035
2023-12-15,6992871.895568033
2023-12-15,6992871.895568033
2023-12-15,6992871.895568033
2023-12-16,7043873.587419633
2023-12-16,7043873.587419633
2023-12-16,7043873.587419633
2023-12-16,7043873.587419633
2023-12-18,7053873.582935103
2023-12-18,7053873.582935103
2023-12-19,7081162.760532633
2023-12-19,7081162.760532633
2023-12-19,7081162.760532633
2023-12-19,7081162.760532633
2023-12-20,7094195.124353903
2023-12-20,7094195.124353903
2023-12-20,7094195.124353903
2023-12-21,7120455.336603364
2023-12-21,7120455.336603364
2023-12-21,7120455.336603364
2023-12-21,7120455.336603364
2023-12-22,7184243.737358323
2023-12-22,7184243.737358323
2023-12-22,7184243.737358323
2023-12-22,7184243.737358323
2023-12-22,7184243.737358323
2023-12-22,7184243.737358323
2023-12-22,7184243.737358323
2023-12-22,7184243.737358323
2023-12-22,7184243.737358323
2023-12-22,7184243.737358323
2023-12-22,7184243.737358323
2023-12-23,7192241.735760633
2023-12-23,7192241.735760633
2023-12-24,7221859.733310933
2023-12-24,7221859.733310933
2023-12-24,7221859.733310933
2023-12-26,7352324.064248233
2023-12-26,7352324.064248233
2023-12-26,7352324.064248233
2023-12-26,7352324.064248233
2023-12-26,7352324.064248233
2023-12-26,7352324.064248233
2023-12-26,7352324.064248233
2023-12-26,7352324.064248233
2023-12-26,7352324.064248233
2023-12-26,7352324.064248233
2023-12-26,7352324.064248233
2023-12-26,7352324.064248233
2023-12-27,7471875.990972831
2023-12-27,7471875.990972831
2023-12-27,7471875.990972831
2023-12-27,7471875.990972831
2023-12-27,7471875.990972831
2023-12-27,7471875.990972831
2023-12-27,7471875.990972831
2023-12-27,7471875.990972831
2023-12-27,7471875.990972831
2023-12-27,7471875.990972831
2023-12-27,7471875.990972831
2023-12-27,7471875.990972831
2023-12-27,7471875.990972831
2023-12-27,7471875.990972831
2023-12-27,7471875.990972831
2023-12-27,7471875.990972831
2023-12-27,7471875.990972831
2023-12-27,7471875.990972831
2023-12-27,7471875.990972831
2023-12-28,7479829.062871761
2023-12-28,7479829.062871761
2023-12-29,7570756.129229311
2023-12-29,7570756.129229311
2023-12-29,7570756.129229311
2023-12-29,7570756.129229311
2023-12-29,7570756.129229311
2023-12-29,7570756.129229311
2023-12-29,7570756.129229311
2023-12-29,7570756.129229311
2023-12-29,7570756.129229311
2023-12-29,7570756.129229311
2023-12-29,7570756.129229311
2023-12-30,7588469.468161231
2023-12-30,7588469.468161231
2023-12-31,7709531.803086731
2023-12-31,7709531.803086731
2023-12-31,7709531.803086731
2023-12-31,7709531.803086731
2023-12-31,7709531.803086731
2023-12-31,7709531.803086731
2023-12-31,7709531.803086731
2023-12-31,7709531.803086731
2023-12-31,7709531.803086731
2023-12-31,7709531.803086731
2023-12-31,7709531.803086731
2023-12-31,7709531.803086731
2024-01-01,7738538.27452289
2024-01-01,7738538.27452289
2024-01-03,7749316.525546591
2024-01-03,7749316.525546591
2024-01-04,7803551.77094105
2024-01-04,7803551.77094105
2024-01-04,7803551.77094105
2024-01-04,7803551.77094105
2024-01-04,7803551.77094105
2024-01-04,7803551.77094105
2024-01-04,7803551.77094105
2024-01-04,7803551.77094105
2024-01-04,7803551.77094105
2024-01-04,7803551.77094105
2024-01-05,7824024.0213684095
2024-01-05,7824024.0213684095
2024-01-05,7824024.0213684095
2024-01-05,7824024.0213684095
2024-01-06,7863573.629364961
2024-01-06,7863573.629364961
2024-01-06,7863573.629364961
2024-01-06,7863573.629364961
2024-01-06,7863573.629364961
2024-01-06,7863573.629364961
2024-01-09,7886585.38716506
2024-01-09,7886585.38716506
2024-01-09,7886585.38716506
2024-01-09,7886585.38716506
2024-01-10,7918513.04440006
2024-01-10,7918513.04440006
2024-01-10,7918513.04440006
2024-01-10,7918513.04440006
2024-01-10,7918513.04440006
2024-01-10,7918513.04440006
2024-01-11,7981845.8818912795
2024-01-11,7981845.8818912795
2024-01-11,7981845.8818912795
2024-01-11,7981845.8818912795
2024-01-11,7981845.8818912795
2024-01-11,7981845.8818912795
2024-01-11,7981845.8818912795
2024-01-11,7981845.8818912795
2024-01-11,7981845.8818912795
2024-01-11,7981845.8818912795
2024-01-11,7981845.8818912795
2024-01-11,7981845.8818912795
2024-01-11,7981845.8818912795
2024-01-11,7981845.8818912795
2024-01-12,8199302.023512038
2024-01-12,8199302.023512038
2024-01-12,8199302.023512038
2024-01-12,8199302.023512038
2024-01-12,8199302.023512038
2024-01-12,8199302.023512038
2024-01-12,8199302.023512038
2024-01-12,8199302.023512038
2024-01-12,8199302.023512038
2024-01-12,8199302.023512038
2024-01-12,8199302.023512038
2024-01-12,8199302.023512038
2024-01-12,8199302.023512038
2024-01-12,8199302.023512038
2024-01-12,8199302.023512038
2024-01-12,8199302.023512038
2024-01-12,8199302.023512038
2024-01-12,8199302.023512038
2024-01-12,8199302.023512038
2024-01-12,8199302.023512038
2024-01-12,8199302.023512038
2024-01-12,8199302.023512038
2024-01-12,8199302.023512038
2024-01-12,8199302.023512038
2024-01-12,8199302.023512038
2024-01-12,8199302.023512038
2024-01-12,8199302.023512038
2024-01-12,8199302.023512038
2024-01-12,8199302.023512038
2024-01-12,8199302.023512038
2024-01-12,8199302.023512038
2024-01-12,8199302.023512038
2024-01-14,8215017.652455239
2024-01-14,8215017.652455239
2024-01-15,8224731.503539459
2024-01-15,8224731.503539459
2024-01-16,8393684.69508219
2024-01-16,8393684.69508219
2024-01-16,8393684.69508219
2024-01-16,8393684.69508219
2024-01-16,8393684.69508219
2024-01-16,8393684.69508219
2024-01-16,8393684.69508219
2024-01-16,8393684.69508219
2024-01-16,8393684.69508219
2024-01-16,8393684.69508219
2024-01-16,8393684.69508219
2024-01-16,8393684.69508219
2024-01-16,8393684.69508219
2024-01-16,8393684.69508219
2024-01-16,8393684.69508219
2024-01-16,8393684.69508219
2024-01-16,8393684.69508219
2024-01-16,8393684.69508219
2024-01-16,8393684.69508219
2024-01-17,8474202.7247913
2024-01-17,8474202.7247913
2024-01-17,8474202.7247913
2024-01-17,8474202.7247913
2024-01-17,8474202.7247913
2024-01-17,8474202.7247913
2024-01-17,8474202.7247913
2024-01-17,8474202.7247913
2024-01-17,8474202.7247913
2024-01-17,8474202.7247913
2024-01-17,8474202.7247913
2024-01-18,8572246.331722941
2024-01-18,8572246.331722941
2024-01-18,8572246.331722941
2024-01-18,8572246.331722941
2024-01-18,8572246.331722941
2024-01-18,8572246.331722941
2024-01-18,8572246.331722941
2024-01-18,8572246.331722941
2024-01-18,8572246.331722941
2024-01-18,8572246.331722941
2024-01-18,8572246.331722941
2024-01-18,8572246.331722941
2024-01-18,8572246.331722941
2024-01-18,8572246.331722941
2024-01-19,8669727.129894342
2024-01-19,8669727.129894342
2024-01-19,8669727.129894342
2024-01-19,8669727.129894342
2024-01-19,8669727.129894342
2024-01-19,8669727.129894342
2024-01-19,8669727.129894342
2024-01-19,8669727.129894342
2024-01-19,8669727.129894342
2024-01-19,8669727.129894342
2024-01-19,8669727.129894342
2024-01-19,8669727.129894342
2024-01-19,8669727.129894342
2024-01-19,8669727.129894342
2024-01-19,8669727.129894342
2024-01-19,8669727.129894342
2024-01-20,8700274.539877683
2024-01-20,8700274.539877683
2024-01-21,8730716.951917183
2024-01-21,8730716.951917183
2024-01-22,8793058.330489742
2024-01-22,8793058.330489742
2024-01-22,8793058.330489742
2024-01-22,8793058.330489742
2024-01-22,8793058.330489742
2024-01-22,8793058.330489742
2024-01-22,8793058.330489742
2024-01-22,8793058.330489742
2024-01-23,8882018.47726121
2024-01-23,8882018.47726121
2024-01-23,8882018.47726121
2024-01-23,8882018.47726121
2024-01-23,8882018.47726121
2024-01-23,8882018.47726121
2024-01-23,8882018.47726121
2024-01-23,8882018.47726121
2024-01-23,8882018.47726121
2024-01-23,8882018.47726121
2024-01-23,8882018.47726121
2024-01-23,8882018.47726121
2024-01-23,8882018.47726121
2024-01-23,8882018.47726121
2024-01-23,8882018.47726121
2024-01-23,8882018.47726121
2024-01-24,8966278.57225591
2024-01-24,8966278.57225591
2024-01-24,8966278.57225591
2024-01-24,8966278.57225591
2024-01-24,8966278.57225591
2024-01-24,8966278.57225591
2024-01-24,8966278.57225591
2024-01-24,8966278.57225591
2024-01-24,8966278.57225591
2024-01-24,8966278.57225591
2024-01-24,8966278.57225591
2024-01-25,9022499.16887841
2024-01-25,9022499.16887841
2024-01-25,9022499.16887841
2024-01-25,9022499.16887841
2024-01-25,9022499.16887841
2024-01-25,9022499.16887841
2024-01-25,9022499.16887841
2024-01-25,9022499.16887841
2024-01-25,9022499.16887841
2024-01-26,9094966.71701046
2024-01-26,9094966.71701046
2024-01-26,9094966.71701046
2024-01-26,9094966.71701046
2024-01-26,9094966.71701046
2024-01-26,9094966.71701046
2024-01-26,9094966.71701046
2024-01-26,9094966.71701046
2024-01-26,9094966.71701046
2024-01-26,9094966.71701046
2024-01-28,9125840.76955248
2024-01-28,9125840.76955248
2024-01-29,9213600.637601933
2024-01-29,9213600.637601933
2024-01-29,9213600.637601933
2024-01-29,9213600.637601933
2024-01-29,9213600.637601933
2024-01-29,9213600.637601933
2024-01-29,9213600.637601933
2024-01-29,9213600.637601933
2024-01-29,9213600.637601933
2024-01-29,9213600.637601933
2024-01-29,9213600.637601933
2024-01-29,9213600.637601933
2024-01-30,9344796.144650372
2024-01-30,9344796.144650372
2024-01-30,9344796.144650372
2024-01-30,9344796.144650372
2024-01-30,9344796.144650372
2024-01-30,9344796.144650372
2024-01-30,9344796.144650372
2024-01-30,9344796.144650372
2024-01-30,9344796.144650372
2024-01-30,9344796.144650372
2024-01-30,9344796.144650372
2024-01-30,9344796.144650372
2024-01-30,9344796.144650372
2024-01-30,9344796.144650372
2024-01-30,9344796.144650372
2024-01-30,9344796.144650372
2024-01-30,9344796.144650372
2024-01-31,9602936.96189681
2024-01-31,9602936.96189681
2024-01-31,9602936.96189681
2024-01-31,9602936.96189681
2024-01-31,9602936.96189681
2024-01-31,9602936.96189681
2024-01-31,9602936.96189681
2024-01-31,9602936.96189681
2024-01-31,9602936.96189681
2024-01-31,9602936.96189681
2024-01-31,9602936.96189681
2024-01-31,9602936.96189681
2024-01-31,9602936.96189681
2024-01-31,9602936.96189681
2024-01-31,9602936.96189681
2024-01-31,9602936.96189681
2024-02-01,9628343.0771146
2024-02-01,9628343.0771146
2024-02-01,9628343.0771146
2024-02-01,9628343.0771146
2024-02-01,9628343.0771146
2024-02-02,9661391.834260281
2024-02-02,9661391.834260281
2024-02-02,9661391.834260281
2024-02-02,9661391.834260281
2024-02-02,9661391.834260281
2024-02-04,9673413.12098998
2024-02-04,9673413.12098998
2024-02-05,9709759.275660131
2024-02-05,9709759.275660131
2024-02-05,9709759.275660131
2024-02-05,9709759.275660131
2024-02-05,9709759.275660131
2024-02-05,9709759.275660131
2024-02-06,9779245.82289304
2024-02-06,9779245.82289304
2024-02-06,9779245.82289304
2024-02-06,9779245.82289304
2024-02-06,9779245.82289304
2024-02-06,9779245.82289304
2024-02-06,9779245.82289304
2024-02-06,9779245.82289304
2024-02-06,9779245.82289304
2024-02-06,9779245.82289304
2024-02-07,9799008.96434542
2024-02-07,9799008.96434542
2024-02-07,9799008.96434542
2024-02-07,9799008.96434542
2024-02-08,9818773.8119649
2024-02-08,9818773.8119649
2024-02-08,9818773.8119649
2024-02-08,9818773.8119649
2024-02-09,9859231.04867105
2024-02-09,9859231.04867105
2024-02-09,9859231.04867105
2024-02-09,9859231.04867105
2024-02-09,9859231.04867105
2024-02-09,9859231.04867105
2024-02-09,9859231.04867105
2024-02-09,9859231.04867105
2024-02-11,9873399.059054669
2024-02-11,9873399.059054669
2024-02-12,9925479.14253353
2024-02-12,9925479.14253353
2024-02-12,9925479.14253353
2024-02-12,9925479.14253353
2024-02-12,9925479.14253353
2024-02-12,9925479.14253353
2024-02-13,9972386.4698265
2024-02-13,9972386.4698265
2024-02-13,9972386.4698265
2024-02-13,9972386.4698265
2024-02-13,9972386.4698265
2024-02-13,9972386.4698265
2024-02-13,9972386.4698265
2024-02-13,9972386.4698265
2024-02-13,9972386.4698265
2024-02-14,10268898.859656224
2024-02-14,10268898.859656224
2024-02-14,10268898.859656224
2024-02-14,10268898.859656224
2024-02-14,10268898.859656224
2024-02-14,10268898.859656224
2024-02-14,10268898.859656224
2024-02-14,10268898.859656224
2024-02-14,10268898.859656224
2024-02-14,10268898.859656224
2024-02-14,10268898.859656224
2024-02-14,10268898.859656224
2024-02-14,10268898.859656224
2024-02-14,10268898.859656224
2024-02-14,10268898.859656224
2024-02-14,10268898.859656224
2024-02-14,10268898.859656224
2024-02-14,10268898.859656224
2024-02-14,10268898.859656224
2024-02-14,10268898.859656224
2024-02-14,10268898.859656224
2024-02-14,10268898.859656224
2024-02-14,10268898.859656224
2024-02-14,10268898.859656224
2024-02-14,10268898.859656224
2024-02-14,10268898.859656224
2024-02-14,10268898.859656224
2024-02-14,10268898.859656224
2024-02-14,10268898.859656224
2024-02-15,10341336.198172553
2024-02-15,10341336.198172553
2024-02-15,10341336.198172553
2024-02-15,10341336.198172553
2024-02-15,10341336.198172553
2024-02-15,10341336.198172553
2024-02-15,10341336.198172553
2024-02-15,10341336.198172553
2024-02-15,10341336.198172553
2024-02-15,10341336.198172553
2024-02-16,10392202.536513617
2024-02-16,10392202.536513617
2024-02-16,10392202.536513617
2024-02-16,10392202.536513617
2024-02-16,10392202.536513617
2024-02-16,10392202.536513617
2024-02-16,10392202.536513617
2024-02-16,10392202.536513617
2024-02-16,10392202.536513617
2024-02-16,10392202.536513617
2024-02-17,10412610.080501838
2024-02-17,10412610.080501838
2024-02-17,10412610.080501838
2024-02-17,10412610.080501838
2024-02-19,10495810.693285568
2024-02-19,10495810.693285568
2024-02-19,10495810.693285568
2024-02-19,10495810.693285568
2024-02-19,10495810.693285568
2024-02-19,10495810.693285568
2024-02-19,10495810.693285568
2024-02-19,10495810.693285568
2024-02-19,10495810.693285568
2024-02-19,10495810.693285568
2024-02-20,10544414.58701199
2024-02-20,10544414.58701199
2024-02-20,10544414.58701199
2024-02-20,10544414.58701199
2024-02-20,10544414.58701199
2024-02-20,10544414.58701199
2024-02-20,10544414.58701199
2024-02-20,10544414.58701199
2024-02-20,10544414.58701199
2024-02-20,10544414.58701199
2024-02-21,10586782.650781788
2024-02-21,10586782.650781788
2024-02-21,10586782.650781788
2024-02-21,10586782.650781788
2024-02-22,10648374.45809223
2024-02-22,10648374.45809223
2024-02-22,10648374.45809223
2024-02-22,10648374.45809223
2024-02-22,10648374.45809223
2024-02-22,10648374.45809223
2024-02-22,10648374.45809223
2024-02-22,10648374.45809223
2024-02-22,10648374.45809223
2024-02-23,10715113.91007481
2024-02-23,10715113.91007481
2024-02-23,10715113.91007481
2024-02-23,10715113.91007481
2024-02-23,10715113.91007481
2024-02-24,10757903.93864167
2024-02-24,10757903.93864167
2024-02-24,10757903.93864167
2024-02-24,10757903.93864167
2024-02-26,10808851.21178595
2024-02-26,10808851.21178595
2024-02-26,10808851.21178595
2024-02-26,10808851.21178595
2024-02-26,10808851.21178595
2024-02-26,10808851.21178595
2024-02-27,10908131.464177
2024-02-27,10908131.464177
2024-02-27,10908131.464177
2024-02-27,10908131.464177
2024-02-27,10908131.464177
2024-02-27,10908131.464177
2024-02-27,10908131.464177
2024-02-27,10908131.464177
2024-02-27,10908131.464177
2024-02-27,10908131.464177
2024-02-27,10908131.464177
2024-02-27,10908131.464177
2024-02-27,10908131.464177
2024-02-27,10908131.464177
2024-02-28,10970689.63273085
2024-02-28,10970689.63273085
2024-02-28,10970689.63273085
2024-02-28,10970689.63273085
2024-02-28,10970689.63273085
2024-02-28,10970689.63273085
2024-02-28,10970689.63273085
2024-02-28,10970689.63273085
2024-02-29,11088664.95446433
2024-02-29,11088664.95446433
2024-02-29,11088664.95446433
2024-02-29,11088664.95446433
2024-02-29,11088664.95446433
2024-02-29,11088664.95446433
2024-02-29,11088664.95446433
2024-02-29,11088664.95446433
2024-02-29,11088664.95446433
2024-02-29,11088664.95446433
2024-02-29,11088664.95446433
2024-02-29,11088664.95446433
2024-02-29,11088664.95446433
2024-02-29,11088664.95446433
2024-02-29,11088664.95446433
2024-02-29,11088664.95446433
2024-02-29,11088664.95446433
2024-02-29,11088664.95446433
2024-03-01,11219721.107167643
2024-03-01,11219721.107167643
2024-03-01,11219721.107167643
2024-03-01,11219721.107167643
2024-03-01,11219721.107167643
2024-03-01,11219721.107167643
2024-03-01,11219721.107167643
2024-03-01,11219721.107167643
2024-03-01,11219721.107167643
2024-03-01,11219721.107167643
2024-03-01,11219721.107167643
2024-03-01,11219721.107167643
2024-03-01,11219721.107167643
2024-03-01,11219721.107167643
2024-03-01,11219721.107167643
2024-03-01,11219721.107167643
2024-03-01,11219721.107167643
2024-03-01,11219721.107167643
2024-03-01,11219721.107167643
2024-03-01,11219721.107167643
2024-03-03,11235083.912175514
2024-03-03,11235083.912175514
2024-03-04,11300511.262355294
2024-03-04,11300511.262355294
2024-03-04,11300511.262355294
2024-03-04,11300511.262355294
2024-03-04,11300511.262355294
2024-03-04,11300511.262355294
2024-03-04,11300511.262355294
2024-03-04,11300511.262355294
2024-03-05,11358695.285513885
2024-03-05,11358695.285513885
2024-03-05,11358695.285513885
2024-03-05,11358695.285513885
2024-03-05,11358695.285513885
2024-03-05,11358695.285513885
2024-03-05,11358695.285513885
2024-03-05,11358695.285513885
2024-03-05,11358695.285513885
2024-03-05,11358695.285513885
2024-03-06,11702748.366534464
2024-03-06,11702748.366534464
2024-03-06,11702748.366534464
2024-03-06,11702748.366534464
2024-03-06,11702748.366534464
2024-03-06,11702748.366534464
2024-03-06,11702748.366534464
2024-03-06,11702748.366534464
2024-03-06,11702748.366534464
2024-03-06,11702748.366534464
2024-03-06,11702748.366534464
2024-03-06,11702748.366534464
2024-03-06,11702748.366534464
2024-03-06,11702748.366534464
2024-03-06,11702748.366534464
2024-03-06,11702748.366534464
2024-03-06,11702748.366534464
2024-03-06,11702748.366534464
2024-03-06,11702748.366534464
2024-03-07,11856636.884317204
2024-03-07,11856636.884317204
2024-03-07,11856636.884317204
2024-03-07,11856636.884317204
2024-03-07,11856636.884317204
2024-03-07,11856636.884317204
2024-03-07,11856636.884317204
2024-03-07,11856636.884317204
2024-03-07,11856636.884317204
2024-03-07,11856636.884317204
2024-03-08,11990615.676490335
2024-03-08,11990615.676490335
2024-03-08,11990615.676490335
2024-03-08,11990615.676490335
2024-03-08,11990615.676490335
2024-03-08,11990615.676490335
2024-03-08,11990615.676490335
2024-03-08,11990615.676490335
2024-03-08,11990615.676490335
2024-03-08,11990615.676490335
2024-03-08,11990615.676490335
2024-03-08,11990615.676490335
2024-03-08,11990615.676490335
2024-03-09,11998810.608976364
2024-03-09,11998810.608976364
2024-03-10,12040790.962274954
2024-03-10,12040790.962274954
2024-03-10,12040790.962274954
2024-03-10,12040790.962274954
2024-03-11,12077122.958664242
2024-03-11,12077122.958664242
2024-03-11,12077122.958664242
2024-03-11,12077122.958664242
2024-03-11,12077122.958664242
2024-03-11,12077122.958664242
2024-03-11,12077122.958664242
2024-03-12,12195371.476525672
2024-03-12,12195371.476525672
2024-03-12,12195371.476525672
2024-03-12,12195371.476525672
2024-03-12,12195371.476525672
2024-03-12,12195371.476525672
2024-03-12,12195371.476525672
2024-03-12,12195371.476525672
2024-03-12,12195371.476525672
2024-03-12,12195371.476525672
2024-03-12,12195371.476525672
2024-03-12,12195371.476525672
2024-03-12,12195371.476525672
2024-03-13,12330376.77873315
2024-03-13,12330376.77873315
2024-03-13,12330376.77873315
2024-03-13,12330376.77873315
2024-03-13,12330376.77873315
2024-03-13,12330376.77873315
2024-03-13,12330376.77873315
2024-03-13,12330376.77873315
2024-03-13,12330376.77873315
2024-03-13,12330376.77873315
2024-03-13,12330376.77873315
2024-03-13,12330376.77873315
2024-03-13,12330376.77873315
2024-03-13,12330376.77873315
2024-03-13,12330376.77873315
2024-03-13,12330376.77873315
2024-03-13,12330376.77873315
2024-03-13,12330376.77873315
2024-03-14,12411859.310093133
2024-03-14,12411859.310093133
2024-03-14,12411859.310093133
2024-03-14,12411859.310093133
2024-03-14,12411859.310093133
2024-03-14,12411859.310093133
2024-03-14,12411859.310093133
2024-03-14,12411859.310093133
2024-03-14,12411859.310093133
2024-03-14,12411859.310093133
2024-03-14,12411859.310093133
2024-03-14,12411859.310093133
2024-03-14,12411859.310093133
2024-03-14,12411859.310093133
2024-03-15,12522635.04016838
2024-03-15,12522635.04016838
2024-03-15,12522635.04016838
2024-03-15,12522635.04016838
2024-03-15,12522635.04016838
2024-03-15,12522635.04016838
2024-03-15,12522635.04016838
2024-03-15,12522635.04016838
2024-03-15,12522635.04016838
2024-03-15,12522635.04016838
2024-03-15,12522635.04016838
2024-03-15,12522635.04016838
2024-03-15,12522635.04016838
2024-03-15,12522635.04016838
2024-03-15,12522635.04016838
2024-03-15,12522635.04016838
2024-03-15,12522635.04016838
2024-03-15,12522635.04016838
2024-03-17,12598382.903005745
2024-03-17,12598382.903005745
2024-03-17,12598382.903005745
2024-03-17,12598382.903005745
2024-03-17,12598382.903005745
2024-03-17,12598382.903005745
2024-03-17,12598382.903005745
2024-03-17,12598382.903005745
2024-03-17,12598382.903005745
2024-03-17,12598382.903005745
2024-03-17,12598382.903005745
2024-03-17,12598382.903005745
2024-03-18,12673535.409726907
2024-03-18,12673535.409726907
2024-03-18,12673535.409726907
2024-03-18,12673535.409726907
2024-03-18,12673535.409726907
2024-03-18,12673535.409726907
2024-03-18,12673535.409726907
2024-03-18,12673535.409726907
2024-03-18,12673535.409726907
2024-03-18,12673535.409726907
2024-03-19,12742827.447751487
2024-03-19,12742827.447751487
2024-03-19,12742827.447751487
2024-03-19,12742827.447751487
2024-03-19,12742827.447751487
2024-03-19,12742827.447751487
2024-03-19,12742827.447751487
2024-03-19,12742827.447751487
2024-03-20,12788095.569617325
2024-03-20,12788095.569617325
2024-03-20,12788095.569617325
2024-03-20,12788095.569617325
2024-03-20,12788095.569617325
2024-03-20,12788095.569617325
2024-03-21,12834063.851571584
2024-03-21,12834063.851571584
2024-03-21,12834063.851571584
2024-03-21,12834063.851571584
2024-03-21,12834063.851571584
2024-03-22,12938542.026190715
2024-03-22,12938542.026190715
2024-03-22,12938542.026190715
2024-03-22,12938542.026190715
2024-03-22,12938542.026190715
2024-03-22,12938542.026190715
2024-03-22,12938542.026190715
2024-03-22,12938542.026190715
2024-03-22,12938542.026190715
2024-03-22,12938542.026190715
2024-03-22,12938542.026190715
2024-03-22,12938542.026190715
2024-03-22,12938542.026190715
2024-03-22,12938542.026190715
2024-03-22,12938542.026190715
2024-03-22,12938542.026190715
2024-03-22,12938542.026190715
2024-03-22,12938542.026190715
2024-03-23,13314583.111886697
2024-03-23,13314583.111886697
2024-03-23,13314583.111886697
2024-03-23,13314583.111886697
2024-03-23,13314583.111886697
2024-03-23,13314583.111886697
2024-03-23,13314583.111886697
2024-03-23,13314583.111886697
2024-03-24,13350886.023305696
2024-03-24,13350886.023305696
2024-03-24,13350886.023305696
2024-03-24,13350886.023305696
2024-03-24,13350886.023305696
2024-03-24,13350886.023305696
2024-03-25,13371766.030544633
2024-03-25,13371766.030544633
2024-03-25,13371766.030544633
2024-03-25,13371766.030544633
2024-03-25,13371766.030544633
2024-03-26,13491196.648514563
2024-03-26,13491196.648514563
2024-03-26,13491196.648514563
2024-03-26,13491196.648514563
2024-03-26,13491196.648514563
2024-03-26,13491196.648514563
2024-03-26,13491196.648514563
2024-03-26,13491196.648514563
2024-03-26,13491196.648514563
2024-03-26,13491196.648514563
2024-03-26,13491196.648514563
2024-03-26,13491196.648514563
2024-03-26,13491196.648514563
2024-03-26,13491196.648514563
2024-03-26,13491196.648514563
2024-03-27,13528640.182050914
2024-03-27,13528640.182050914
2024-03-27,13528640.182050914
2024-03-27,13528640.182050914
2024-03-27,13528640.182050914
2024-03-27,13528640.182050914
2024-03-27,13528640.182050914
2024-03-28,13606384.734184083
2024-03-28,13606384.734184083
2024-03-28,13606384.734184083
2024-03-28,13606384.734184083
2024-03-28,13606384.734184083
2024-03-28,13606384.734184083
2024-03-28,13606384.734184083
2024-03-28,13606384.734184083
2024-03-28,13606384.734184083
2024-03-28,13606384.734184083
2024-03-28,13606384.734184083
2024-03-28,13606384.734184083
2024-03-29,13637273.347239103
2024-03-29,13637273.347239103
2024-03-30,13677071.994739482
2024-03-30,13677071.994739482
2024-03-30,13677071.994739482
2024-03-30,13677071.994739482
2024-03-31,13710869.830802632
2024-03-31,13710869.830802632
2024-03-31,13710869.830802632
2024-03-31,13710869.830802632
2024-04-01,13823709.27229231
2024-04-01,13823709.27229231
2024-04-01,13823709.27229231
2024-04-01,13823709.27229231
2024-04-01,13823709.27229231
2024-04-01,13823709.27229231
2024-04-01,13823709.27229231
2024-04-01,13823709.27229231
2024-04-01,13823709.27229231
2024-04-01,13823709.27229231
2024-04-01,13823709.27229231
2024-04-01,13823709.27229231
2024-04-01,13823709.27229231
2024-04-01,13823709.27229231
2024-04-01,13823709.27229231
2024-04-01,13823709.27229231
2024-04-01,13823709.27229231
2024-04-02,13960919.198435582
2024-04-02,13960919.198435582
2024-04-02,13960919.198435582
2024-04-02,13960919.198435582
2024-04-02,13960919.198435582
2024-04-02,13960919.198435582
2024-04-02,13960919.198435582
2024-04-03,14042697.901756624
2024-04-03,14042697.901756624
2024-04-03,14042697.901756624
2024-04-03,14042697.901756624
2024-04-03,14042697.901756624
2024-04-03,14042697.901756624
2024-04-03,14042697.901756624
2024-04-03,14042697.901756624
2024-04-03,14042697.901756624
2024-04-03,14042697.901756624
2024-04-04,14063082.608072003
2024-04-04,14063082.608072003
2024-04-04,14063082.608072003
2024-04-04,14063082.608072003
2024-04-05,14085881.364512384
2024-04-05,14085881.364512384
2024-04-05,14085881.364512384
2024-04-05,14085881.364512384
2024-04-05,14085881.364512384
2024-04-05,14085881.364512384
2024-04-06,14142699.962414384
2024-04-06,14142699.962414384
2024-04-06,14142699.962414384
2024-04-06,14142699.962414384
2024-04-06,14142699.962414384
2024-04-06,14142699.962414384
2024-04-07,14174160.735645924
2024-04-07,14174160.735645924
2024-04-08,14364682.523109604
2024-04-08,14364682.523109604
2024-04-08,14364682.523109604
2024-04-08,14364682.523109604
2024-04-08,14364682.523109604
2024-04-08,14364682.523109604
2024-04-08,14364682.523109604
2024-04-08,14364682.523109604
2024-04-08,14364682.523109604
2024-04-08,14364682.523109604
2024-04-08,14364682.523109604
2024-04-08,14364682.523109604
2024-04-09,14432450.616095724
2024-04-09,14432450.616095724
2024-04-09,14432450.616095724
2024-04-09,14432450.616095724
2024-04-09,14432450.616095724
2024-04-09,14432450.616095724
2024-04-09,14432450.616095724
2024-04-09,14432450.616095724
2024-04-09,14432450.616095724
2024-04-10,14543002.580675961
2024-04-10,14543002.580675961
2024-04-10,14543002.580675961
2024-04-10,14543002.580675961
2024-04-10,14543002.580675961
2024-04-10,14543002.580675961
2024-04-10,14543002.580675961
2024-04-10,14543002.580675961
2024-04-11,14561553.672646182
2024-04-11,14561553.672646182
2024-04-11,14561553.672646182
2024-04-11,14561553.672646182
2024-04-12,14593554.62763361
2024-04-12,14593554.62763361
2024-04-12,14593554.62763361
2024-04-12,14593554.62763361
2024-04-12,14593554.62763361
2024-04-12,14593554.62763361
2024-04-13,14625069.779988632
2024-04-13,14625069.779988632
2024-04-14,14633596.14626001
2024-04-14,14633596.14626001
2024-04-15,14695831.59689463
2024-04-15,14695831.59689463
2024-04-15,14695831.59689463
2024-04-15,14695831.59689463
2024-04-15,14695831.59689463
2024-04-15,14695831.59689463
2024-04-15,14695831.59689463
2024-04-15,14695831.59689463
2024-04-15,14695831.59689463
2024-04-16,14775552.878843637
2024-04-16,14775552.878843637
2024-04-16,14775552.878843637
2024-04-16,14775552.878843637
2024-04-16,14775552.878843637
2024-04-16,14775552.878843637
2024-04-16,14775552.878843637
2024-04-16,14775552.878843637
2024-04-16,14775552.878843637
2024-04-16,14775552.878843637
2024-04-16,14775552.878843637
2024-04-16,14775552.878843637
2024-04-16,14775552.878843637
2024-04-17,14805715.441030158
2024-04-17,14805715.441030158
2024-04-17,14805715.441030158
2024-04-17,14805715.441030158
2024-04-18,15034652.79444852
2024-04-18,15034652.79444852
2024-04-18,15034652.79444852
2024-04-18,15034652.79444852
2024-04-18,15034652.79444852
2024-04-18,15034652.79444852
2024-04-18,15034652.79444852
2024-04-18,15034652.79444852
2024-04-18,15034652.79444852
2024-04-18,15034652.79444852
2024-04-18,15034652.79444852
2024-04-18,15034652.79444852
2024-04-18,15034652.79444852
2024-04-18,15034652.79444852
2024-04-18,15034652.79444852
2024-04-18,15034652.79444852
2024-04-18,15034652.79444852
2024-04-18,15034652.79444852
2024-04-18,15034652.79444852
2024-04-18,15034652.79444852
2024-04-19,15047943.30183952
2024-04-19,15047943.30183952
2024-04-23,15089822.13882574
2024-04-23,15089822.13882574
2024-04-23,15089822.13882574
2024-04-23,15089822.13882574
2024-04-25,15125508.87389653
2024-04-25,15125508.87389653
2024-04-25,15125508.87389653
2024-04-25,15125508.87389653
2024-04-25,15125508.87389653
2024-04-25,15125508.87389653
2024-04-26,15166497.69365106
2024-04-26,15166497.69365106
2024-04-26,15166497.69365106
2024-04-26,15166497.69365106
2024-04-28,15182497.69396106
2024-04-28,15182497.69396106
2024-04-30,15203426.341987418
2024-04-30,15203426.341987418
2024-04-30,15203426.341987418
2024-04-30,15203426.341987418
2024-05-01,15244249.960823378
2024-05-01,15244249.960823378
2024-05-01,15244249.960823378
2024-05-01,15244249.960823378
2024-05-02,15263822.438152377
2024-05-02,15263822.438152377
2024-05-03,15277172.609524956
2024-05-03,15277172.609524956
