Date,Price,Transaction_count,Unique_addresses,Total_fees_USD
2022-01-01 00:00:00.000,47155.476094507,186834,446959,439129.17
2022-01-02 00:00:00.000,47257.339957264,196865,475472,437603.8
2022-01-03 00:00:00.000,46817.294384738,234793,641264,541845.24
2022-01-04 00:00:00.000,46417.825796342,274544,665948,616753.47
2022-01-05 00:00:00.000,45880.235577026,272155,701822,725067.42
2022-01-06 00:00:00.000,43136.871741083,264899,656398,657085.22
2022-01-07 00:00:00.000,42003.934090338,255381,677760,600107.52
2022-01-08 00:00:00.000,41729.131609905,223920,553680,403623.84
2022-01-09 00:00:00.000,41924.767557877,210143,485324,329929.69
2022-01-10 00:00:00.000,41636.989355112,266743,681753,476217.64
2022-01-11 00:00:00.000,42207.177369632,277698,663753,494340.35
2022-01-12 00:00:00.000,43230.637951275,271933,683635,504419.4
2022-01-13 00:00:00.000,43412.921260802,274515,634312,452744.07
2022-01-14 00:00:00.000,42787.905783606,270882,688711,413974.42
2022-01-15 00:00:00.000,43149.396402543,234373,525054,320747.2
2022-01-16 00:00:00.000,43107.41469145,216151,493164,274455.54
2022-01-17 00:00:00.000,42569.927114263,258141,682457,386462.2
2022-01-18 00:00:00.000,41972.753959931,265057,616039,397409.36
2022-01-19 00:00:00.000,41907.872150441,270334,657611,362989.13
2022-01-20 00:00:00.000,42203.496087282,271265,639731,420092.39
2022-01-21 00:00:00.000,38585.583972698,272348,694821,467485.85
2022-01-22 00:00:00.000,35499.774580389,250294,714800,395655.4
2022-01-23 00:00:00.000,35439.11172938,203986,497013,272087.86
2022-01-24 00:00:00.000,35152.204030276,270712,690914,408878.36
2022-01-25 00:00:00.000,36528.538922338,265128,610062,397038.37
2022-01-26 00:00:00.000,37516.826776821,261070,592409,449710.37
2022-01-27 00:00:00.000,36394.294237195,255925,628180,424749.88
2022-01-28 00:00:00.000,37080.013495649,264609,660008,464760.97
2022-01-29 00:00:00.000,37829.221902677,231038,556712,466115.2
2022-01-30 00:00:00.000,37952.079515973,207173,526170,400033.43
2022-01-31 00:00:00.000,37582.648464637,263410,706949,491597.71
2022-02-01 00:00:00.000,38564.244700902,272984,759673,567218.55
2022-02-02 00:00:00.000,38027.444960693,278985,693543,466365.38
2022-02-03 00:00:00.000,36827.338885011,265344,648847,390569.19
2022-02-04 00:00:00.000,38737.379113947,247946,563652,549735.58
2022-02-05 00:00:00.000,41507.901460539,258646,650169,586519.78
2022-02-06 00:00:00.000,41603.34883084,219196,659684,427095.96
2022-02-07 00:00:00.000,43152.119767566,262034,618154,630863.67
2022-02-08 00:00:00.000,43899.048452566,276850,716178,635117.98
2022-02-09 00:00:00.000,43950.080806175,265804,736003,641558.29
2022-02-10 00:00:00.000,44300.832125091,260813,754077,868305.32
2022-02-11 00:00:00.000,43184.810754373,258595,712853,722764.35
2022-02-12 00:00:00.000,42360.124788432,228189,882483,524445.42
2022-02-13 00:00:00.000,42345.71402547,208977,536081,368721.22
2022-02-14 00:00:00.000,42251.408917621,247592,608595,472125.37
2022-02-15 00:00:00.000,43927.743388417,273623,741609,548672.03
2022-02-16 00:00:00.000,43970.696353743,266788,621653,443433.68
2022-02-17 00:00:00.000,42601.454410348,255573,630084,421366.29
2022-02-18 00:00:00.000,40427.477949433,261055,654226,380089.9
2022-02-19 00:00:00.000,40077.773773906,220673,602132,275408.68
2022-02-20 00:00:00.000,38745.745358265,200535,481911,221751.2
2022-02-21 00:00:00.000,38480.927160944,237402,587054,366587.51
2022-02-22 00:00:00.000,37482.200044563,260265,621495,343395.27
2022-02-23 00:00:00.000,38198.81334286,251275,582172,308326.5
2022-02-24 00:00:00.000,36181.678607121,254139,660662,371508.82
2022-02-25 00:00:00.000,38867.667076119,260340,643404,448075.18
2022-02-26 00:00:00.000,39218.208633817,220423,553053,264213.06
2022-02-27 00:00:00.000,38701.469600259,211164,513174,268870.16
2022-02-28 00:00:00.000,39489.400410975,270918,661639,372806.14
2022-03-01 00:00:00.000,43653.388660555,280634,708205,851294.92
2022-03-02 00:00:00.000,44032.17880879,288657,764502,1288955.52
2022-03-03 00:00:00.000,43080.350967492,268244,708651,871856.83
2022-03-04 00:00:00.000,40923.905562742,262101,667811,625561.95
2022-03-05 00:00:00.000,39183.467410795,225321,541000,441457.44
2022-03-06 00:00:00.000,39039.33387439,207116,527186,369014.49
2022-03-07 00:00:00.000,38250.134529614,255441,636533,432210.63
2022-03-08 00:00:00.000,38655.331527507,255771,674667,409268.9
2022-03-09 00:00:00.000,41591.287217901,272805,630598,470064.97
2022-03-10 00:00:00.000,39596.112923644,261553,698729,461160.61
2022-03-11 00:00:00.000,38972.942392115,252383,610060,429874.4
2022-03-12 00:00:00.000,39108.345747375,225148,537474,308367.37
2022-03-13 00:00:00.000,38864.327022282,208092,507255,263104.1
2022-03-14 00:00:00.000,38773.199170934,259592,629497,400475.86
2022-03-15 00:00:00.000,39009.292348068,263178,640362,383146.92
2022-03-16 00:00:00.000,40250.061646007,276390,691344,412321.41
2022-03-17 00:00:00.000,40904.219646697,278800,701392,429663.92
2022-03-18 00:00:00.000,40974.285733079,261318,665101,434540.31
2022-03-19 00:00:00.000,41870.720998667,242424,601001,336891.02
2022-03-20 00:00:00.000,41605.657303911,210547,508265,268580.72
2022-03-21 00:00:00.000,41109.508156456,259912,642490,390234.43
2022-03-22 00:00:00.000,42454.36685481,264569,608794,459314.57
2022-03-23 00:00:00.000,42287.463376784,264182,674312,458271.48
2022-03-24 00:00:00.000,43357.524785592,262987,635521,494407.8
2022-03-25 00:00:00.000,44290.334303339,290719,746757,571871.96
2022-03-26 00:00:00.000,44391.390991241,231031,548367,363345.96
2022-03-27 00:00:00.000,44999.023201635,218202,532388,336939.76
2022-03-28 00:00:00.000,47300.778154239,293304,737695,512251.1
2022-03-29 00:00:00.000,47543.790123374,286940,658788,473525.32
2022-03-30 00:00:00.000,47239.75076678,272864,641475,527427.15
2022-03-31 00:00:00.000,46658.602298088,279210,633623,770687.5
2022-04-01 00:00:00.000,45572.781465426,284105,720871,896935.2
2022-04-02 00:00:00.000,46476.773888944,254442,648457,601947.93
2022-04-03 00:00:00.000,46337.220719852,225564,538887,483953.85
2022-04-04 00:00:00.000,46061.527952725,275106,684557,577575.54
2022-04-05 00:00:00.000,46321.458307067,273430,632500,503165.65
2022-04-06 00:00:00.000,44613.619454276,273640,638642,458275.76
2022-04-07 00:00:00.000,43468.975131927,269404,656988,436640.4
2022-04-08 00:00:00.000,43296.272578926,266805,607654,496308.84
2022-04-09 00:00:00.000,42482.69233582,232792,544847,346204.95
2022-04-10 00:00:00.000,42741.95795799,216446,502318,292137.68
2022-04-11 00:00:00.000,41209.809542191,276623,670306,430165.66
2022-04-12 00:00:00.000,39983.467158317,278839,695998,428482.82
2022-04-13 00:00:00.000,40491.562653369,276968,650957,482593.95
2022-04-14 00:00:00.000,40679.028793853,265537,621348,448478.47
2022-04-15 00:00:00.000,40253.993042113,254831,589666,356748.38
2022-04-16 00:00:00.000,40398.912896757,225486,518178,259557.09
2022-04-17 00:00:00.000,40306.285165834,207324,494077,215302.68
2022-04-18 00:00:00.000,39684.373841118,246421,651056,338471.4
2022-04-19 00:00:00.000,41061.123036993,273168,634154,385392.44
2022-04-20 00:00:00.000,41462.216499546,285655,677641,368793.94
2022-04-21 00:00:00.000,41674.839018529,282438,690339,453240.02
2022-04-22 00:00:00.000,40136.648660699,260930,630949,438586.6
2022-04-23 00:00:00.000,39672.478854055,234978,589870,325533.18
2022-04-24 00:00:00.000,39640.751274518,221992,554421,266400.69
2022-04-25 00:00:00.000,39262.446385658,277417,743190,503062.25
2022-04-26 00:00:00.000,39638.960991349,273297,649737,445192.75
2022-04-27 00:00:00.000,38847.466287178,287105,672484,434023.81
2022-04-28 00:00:00.000,39614.698645513,275765,685815,447083.06
2022-04-29 00:00:00.000,39059.333819949,286563,728287,530682.19
2022-04-30 00:00:00.000,38498.260454724,261630,659432,402861.27
2022-05-01 00:00:00.000,38087.814685322,232322,534168,297635.3
2022-05-02 00:00:00.000,38676.374745333,272206,657370,411469.12
2022-05-03 00:00:00.000,38254.317017268,277895,624208,369249.7
2022-05-04 00:00:00.000,38869.409073606,233045,542845,493759.94
2022-05-05 00:00:00.000,38393.988605527,315759,799134,856163.39
2022-05-06 00:00:00.000,36157.632719536,286887,767488,612822.07
2022-05-07 00:00:00.000,35858.628619129,231623,541726,494288.68
2022-05-08 00:00:00.000,34546.229576001,233892,565537,422841.26
2022-05-09 00:00:00.000,32595.857592671,279511,702394,637474.9
2022-05-10 00:00:00.000,31349.615884266,279658,651390,546750.52
2022-05-11 00:00:00.000,30500.373303337,262683,661570,652088.69
2022-05-12 00:00:00.000,28457.185083745,274204,709523,845625.85
2022-05-13 00:00:00.000,30174.604176933,269880,770869,952450.67
2022-05-14 00:00:00.000,29403.928481944,290225,786453,752222.78
2022-05-15 00:00:00.000,30140.090745898,235433,756520,491045.42
2022-05-16 00:00:00.000,29948.483492491,272134,877953,627414.34
2022-05-17 00:00:00.000,30292.296023578,278496,780668,573055.64
2022-05-18 00:00:00.000,29560.586226853,262907,621594,487399.11
2022-05-19 00:00:00.000,29575.496940335,262479,608227,507288.31
2022-05-20 00:00:00.000,29790.455414591,267034,671041,507778.17
2022-05-21 00:00:00.000,29342.950945174,225225,529552,353172.32
2022-05-22 00:00:00.000,29800.814406101,209047,505595,347718.17
2022-05-23 00:00:00.000,30058.814470752,265106,679562,475917.69
2022-05-24 00:00:00.000,29310.852843982,235866,553617,474211.77
2022-05-25 00:00:00.000,29751.315035081,288842,746183,578391.7
2022-05-26 00:00:00.000,29437.853616885,262367,635481,518207.09
2022-05-27 00:00:00.000,28878.086988394,270453,648876,503643.78
2022-05-28 00:00:00.000,28897.683470057,226794,550028,341679.79
2022-05-29 00:00:00.000,29137.256666309,207859,542091,290431.2
2022-05-30 00:00:00.000,30628.206315315,271819,687976,408962.81
2022-05-31 00:00:00.000,31703.384213182,276273,715644,434852.86
2022-06-01 00:00:00.000,31052.28671119,272165,665469,580609.44
2022-06-02 00:00:00.000,30048.46602481,264901,673290,587576.91
2022-06-03 00:00:00.000,29977.376658777,267517,675608,540662.32
2022-06-04 00:00:00.000,29697.764946284,218629,539995,373440.9
2022-06-05 00:00:00.000,29812.403556005,201341,507174,281861.21
2022-06-06 00:00:00.000,31273.021285369,268921,700972,397706.54
2022-06-07 00:00:00.000,29957.615184987,263641,686880,355041.25
2022-06-08 00:00:00.000,30441.271461762,261597,633491,329328
2022-06-09 00:00:00.000,30251.099616396,262105,655854,304622.65
2022-06-10 00:00:00.000,29640.03661677,261856,622777,399721.25
2022-06-11 00:00:00.000,28852.688203984,230002,604714,324998.5
2022-06-12 00:00:00.000,27602.495756473,215473,519049,268020.44
2022-06-13 00:00:00.000,24087.847036989,272503,629144,667475.96
2022-06-14 00:00:00.000,22190.716414033,283231,776755,577973.87
2022-06-15 00:00:00.000,21412.817258391,296312,788483,551412.83
2022-06-16 00:00:00.000,21404.458310213,251253,620398,496596.92
2022-06-17 00:00:00.000,20702.878120149,251574,583016,451316.65
2022-06-18 00:00:00.000,19303.002152026,247890,671315,402160.86
2022-06-19 00:00:00.000,19322.51119336,199777,514150,249908.73
2022-06-20 00:00:00.000,20327.156134236,236636,562610,308807.51
2022-06-21 00:00:00.000,21019.60782846,254438,654306,343588.73
2022-06-22 00:00:00.000,20297.163008466,255472,624424,343813.3
2022-06-23 00:00:00.000,20545.57990479,255213,616501,304237.39
2022-06-24 00:00:00.000,21080.688091174,254348,620903,340935.8
2022-06-25 00:00:00.000,21269.89459336,218017,506464,284404.08
2022-06-26 00:00:00.000,21371.580996959,206755,454814,272383.42
2022-06-27 00:00:00.000,21045.798099025,258883,706516,302091.39
2022-06-28 00:00:00.000,20701.90838931,248080,645012,291633.6
2022-06-29 00:00:00.000,20141.505166077,265079,667187,271257.7
2022-06-30 00:00:00.000,19361.997927171,271213,690151,318134.82
2022-07-01 00:00:00.000,19529.385329005,271874,627836,352833.83
2022-07-02 00:00:00.000,19235.565269188,235096,596590,255856.06
2022-07-03 00:00:00.000,19164.632961549,206333,497639,191693.61
2022-07-04 00:00:00.000,19524.115789525,240385,599604,266180.58
2022-07-05 00:00:00.000,20001.369020159,245829,574560,394082.93
2022-07-06 00:00:00.000,20186.571607517,267118,666288,495464.11
2022-07-07 00:00:00.000,20813.600921108,281435,752322,509478.84
2022-07-08 00:00:00.000,21751.209981053,268331,678710,496926.89
2022-07-09 00:00:00.000,21615.403695893,220708,550067,342547.86
2022-07-10 00:00:00.000,21135.121947152,199369,491607,268840.52
2022-07-11 00:00:00.000,20465.280025193,229482,563811,313728.54
2022-07-12 00:00:00.000,19749.482768957,275378,695116,342991.32
2022-07-13 00:00:00.000,19638.404888339,222657,496195,452413.09
2022-07-14 00:00:00.000,20190.985705705,286894,704371,637221.55
2022-07-15 00:00:00.000,20782.378515964,269269,693782,542434.36
2022-07-16 00:00:00.000,20876.071344651,226638,558249,382182.87
2022-07-17 00:00:00.000,21203.85963217,202157,515590,334629
2022-07-18 00:00:00.000,21872.600834872,247895,599400,489195.99
2022-07-19 00:00:00.000,22539.939483331,279950,745615,601690.39
2022-07-20 00:00:00.000,23570.985696574,260195,628395,604533.53
2022-07-21 00:00:00.000,22929.509686345,273976,706579,554752.92
2022-07-22 00:00:00.000,23134.068097355,263276,579625,503200.34
2022-07-23 00:00:00.000,22510.134318549,223744,548298,302435.62
2022-07-24 00:00:00.000,22635.527282906,199919,510560,241820.04
2022-07-25 00:00:00.000,21942.376645262,253417,666909,277791.69
2022-07-26 00:00:00.000,21039.046947227,264861,716355,306004.37
2022-07-27 00:00:00.000,21680.682160125,255930,635194,264257.81
2022-07-28 00:00:00.000,23346.419751515,287254,752313,378259.12
2022-07-29 00:00:00.000,23888.491907964,281608,685655,362355.12
2022-07-30 00:00:00.000,24034.841812641,232696,557497,300611.32
2022-07-31 00:00:00.000,23720.683341416,209042,536803,259717.93
2022-08-01 00:00:00.000,23228.512640235,249610,663445,335387.13
2022-08-02 00:00:00.000,22964.945836384,266968,672953,348797.01
2022-08-03 00:00:00.000,23174.938719384,282037,699776,361523.62
2022-08-04 00:00:00.000,22849.704081554,279707,666270,400450.84
2022-08-05 00:00:00.000,23080.748430082,268463,644930,451975.56
2022-08-06 00:00:00.000,23188.748020439,237677,642862,314271.69
2022-08-07 00:00:00.000,23081.044642725,196161,499928,256417.22
2022-08-08 00:00:00.000,23813.677833994,256582,643224,370843.9
2022-08-09 00:00:00.000,23431.086199401,256233,678118,535238.11
2022-08-10 00:00:00.000,23432.077077579,264566,770366,447834.19
2022-08-11 00:00:00.000,24372.058011892,287356,727505,454745.06
2022-08-12 00:00:00.000,24003.764737769,273661,697247,414769.76
2022-08-13 00:00:00.000,24526.993015129,233308,575136,283691.67
2022-08-14 00:00:00.000,24507.782826173,205350,596679,194560.89
2022-08-15 00:00:00.000,24272.138804072,241934,660452,254684.04
2022-08-16 00:00:00.000,23968.205413145,273896,744924,282504.43
2022-08-17 00:00:00.000,23692.71848625,256127,631016,359614.59
2022-08-18 00:00:00.000,23421.41361822,291921,765653,350057.43
2022-08-19 00:00:00.000,21808.072684398,279910,721044,300098.02
2022-08-20 00:00:00.000,21182.741192972,222722,593474,191482.7
2022-08-21 00:00:00.000,21387.926683085,205435,541672,169592.59
2022-08-22 00:00:00.000,21278.384879985,250534,635155,224209.23
2022-08-23 00:00:00.000,21395.878436852,256928,701985,246060.65
2022-08-24 00:00:00.000,21476.776369374,256606,662548,210239.21
2022-08-25 00:00:00.000,21605.30875,260460,675730,235483.9
2022-08-26 00:00:00.000,21184.018333333,262722,678924,238946.64
2022-08-27 00:00:00.000,20138.43125,225420,609521,176917.45
2022-08-28 00:00:00.000,20022.2375,202109,547381,150058.28
2022-08-29 00:00:00.000,19985.803333333,252235,697680,220678.72
2022-08-30 00:00:00.000,20157.069583333,262445,700174,243256.14
2022-08-31 00:00:00.000,20213.97375,260425,673588,263683.82
2022-09-01 00:00:00.000,19978.365833333,268022,670449,293804.17
2022-09-02 00:00:00.000,20099.339166667,270588,667004,367071.06
2022-09-03 00:00:00.000,19846.890833333,242597,688576,288135
2022-09-04 00:00:00.000,19805.23,204538,566600,207317.75
2022-09-05 00:00:00.000,19797.685416667,250179,693826,278257.19
2022-09-06 00:00:00.000,19599.58625,268125,675027,298282.37
2022-09-07 00:00:00.000,18910.916666667,265239,715336,279771.12
2022-09-08 00:00:00.000,19262.277083333,262863,676133,296309.82
2022-09-09 00:00:00.000,20715.334166667,290849,755710,364274.83
2022-09-10 00:00:00.000,21388.718333333,241936,641860,265518.22
2022-09-11 00:00:00.000,21624.173333333,220361,628408,220970.67
2022-09-12 00:00:00.000,22115.090833333,268971,742531,287690.25
2022-09-13 00:00:00.000,21566.82125,260108,661152,332425.63
2022-09-14 00:00:00.000,20238.283600661,270309,718511,346030.8
2022-09-15 00:00:00.000,19986.903253103,277041,693430,345478.54
2022-09-16 00:00:00.000,19717.10625,261361,609556,375956.75
2022-09-17 00:00:00.000,19950.095,247863,684586,336202.03
2022-09-18 00:00:00.000,19878.7225,212396,559227,241836.51
2022-09-19 00:00:00.000,19004.89173913,253795,634273,249815.04
2022-09-20 00:00:00.000,19203.70625,269773,735701,282487.2
2022-09-21 00:00:00.000,19008.685833333,260924,664317,266439.12
2022-09-22 00:00:00.000,18974.48,245794,598314,245566.72
2022-09-23 00:00:00.000,19071.350416667,281419,726439,299807.52
2022-09-24 00:00:00.000,19082.858333333,228040,581858,213908.04
2022-09-25 00:00:00.000,18993.2,212009,548346,199666.7
2022-09-26 00:00:00.000,19011.784583333,259311,698064,275588.19
2022-09-27 00:00:00.000,19738.242085206,271117,715027,330280.03
2022-09-28 00:00:00.000,19116.918763277,264048,632718,268901.31
2022-09-29 00:00:00.000,19392.243478261,267342,640266,288555.94
2022-09-30 00:00:00.000,19526.56125,286672,733198,324496.2
2022-10-01 00:00:00.000,19330.115,241993,644939,237985.47
2022-10-02 00:00:00.000,19232.91125,213646,614321,173699.11
2022-10-03 00:00:00.000,19312.741666667,273820,750577,222178.94
2022-10-04 00:00:00.000,19941.273575532,278744,697508,204977.28
2022-10-05 00:00:00.000,20136.4125,267021,640263,185336.14
2022-10-06 00:00:00.000,20144.735031356,278204,684560,204732.81
2022-10-07 00:00:00.000,19782.67830201,270191,696361,209359.88
2022-10-08 00:00:00.000,19496.093851732,235498,569915,130255.09
2022-10-09 00:00:00.000,19447.40125,211238,542383,115407.59
2022-10-10 00:00:00.000,19332.553333333,258286,677885,156311.58
2022-10-11 00:00:00.000,19075.50077893,266451,666337,168736.57
2022-10-12 00:00:00.000,19123.932916667,261196,626355,180367.9
2022-10-13 00:00:00.000,19043.381855337,281093,690643,281728.14
2022-10-14 00:00:00.000,19518.48857091,284648,700018,292016.97
2022-10-15 00:00:00.000,19140.79125,241758,614168,177975.02
2022-10-16 00:00:00.000,19162.854583333,212919,531688,157423.21
2022-10-17 00:00:00.000,19398.729166667,260471,643431,253773.08
2022-10-18 00:00:00.000,19472.141709658,257694,603990,325187.43
2022-10-19 00:00:00.000,19216.773333333,263517,683392,321446.57
2022-10-20 00:00:00.000,19131.8825,263986,659566,244715.51
2022-10-21 00:00:00.000,19063.940416667,270741,664750,224834.3
2022-10-22 00:00:00.000,19178.63826087,233097,580355,177911.66
2022-10-23 00:00:00.000,19267.61375,217872,557093,149655.37
2022-10-24 00:00:00.000,19342.746011471,264486,667171,231066.94
2022-10-25 00:00:00.000,19598.126521739,248540,543874,332900.02
2022-10-26 00:00:00.000,20530.028333333,306069,816537,483810.7
2022-10-27 00:00:00.000,20625.2,267995,645952,357698.74
2022-10-28 00:00:00.000,20381.134166667,283035,687905,382346.81
2022-10-29 00:00:00.000,20777.866666667,252661,623104,304821.23
2022-10-30 00:00:00.000,20719.6675,222138,592255,263701.75
2022-10-31 00:00:00.000,20510.4875,284125,736088,316035.01
2022-11-01 00:00:00.000,20509.056666667,276192,717009,306506.92
2022-11-02 00:00:00.000,20428.766521739,257467,597309,340988.79
2022-11-03 00:00:00.000,20258.7725,297039,750686,383139.84
2022-11-04 00:00:00.000,20693.085386347,281515,653487,407829.45
2022-11-05 00:00:00.000,21341.916167076,257198,690921,341862.85
2022-11-06 00:00:00.000,21215.410833333,223404,589496,292049.62
2022-11-07 00:00:00.000,20781.797826087,264869,651346,329673.82
2022-11-08 00:00:00.000,19573.4525,295778,788540,426508.33
2022-11-09 00:00:00.000,17550.020416667,292265,734729,430323.73
2022-11-10 00:00:00.000,16962.441666667,292831,727360,414088.71
2022-11-11 00:00:00.000,17113.916300153,284467,663928,374550.45
2022-11-12 00:00:00.000,16838.769916685,239254,655977,272523.84
2022-11-13 00:00:00.000,16646.117949559,227644,589219,272021.55
2022-11-14 00:00:00.000,16464.938668037,242416,603115,376916.01
2022-11-15 00:00:00.000,16841.184612614,283090,766407,611839.1
2022-11-16 00:00:00.000,16714.3175,268373,734742,592927.88
2022-11-17 00:00:00.000,16617.5275,248465,660852,574050.48
2022-11-18 00:00:00.000,16744.399583333,282091,709217,732033.13
2022-11-19 00:00:00.000,16655.30625,260694,860870,450542.2
2022-11-20 00:00:00.000,16608.197083333,229923,797862,322790.57
2022-11-21 00:00:00.000,16075.445833333,270779,712342,407357.99
2022-11-22 00:00:00.000,15970.329583333,253235,666641,428392.31
2022-11-23 00:00:00.000,16479.61826087,273997,777337,475369.38
2022-11-24 00:00:00.000,16609.123333333,254639,756755,464281.77
2022-11-25 00:00:00.000,16505.707083333,258341,695037,446611.62
2022-11-26 00:00:00.000,16562.382173913,229735,637678,391859.52
2022-11-27 00:00:00.000,16547.255,222672,629708,294236.46
2022-11-28 00:00:00.000,16214.9,262636,697390,371817.1
2022-11-29 00:00:00.000,16414.557916667,271512,704776,381724.68
2022-11-30 00:00:00.000,16931.082916667,271416,665740,459621.87
2022-12-01 00:00:00.000,17086.005416667,285467,753017,500510.79
2022-12-02 00:00:00.000,16993.645734537,271725,668138,489206.97
2022-12-03 00:00:00.000,16996.99375,250951,675340,392477.38
2022-12-04 00:00:00.000,17032.91625,219810,618980,287878.75
2022-12-05 00:00:00.000,17174.652083333,274064,719299,366053.33
2022-12-06 00:00:00.000,17004.772916667,262438,683031,382363.74
2022-12-07 00:00:00.000,16889.090621814,272328,697265,309406.56
2022-12-08 00:00:00.000,16934.392916667,263838,662523,252132.77
2022-12-09 00:00:00.000,17194.845833333,265668,696023,236507.48
2022-12-10 00:00:00.000,17167.920416667,241668,804493,210473.62
2022-12-11 00:00:00.000,17157.955833333,217788,550898,140566.44
2022-12-12 00:00:00.000,17006.595416667,262646,666732,214778.62
2022-12-13 00:00:00.000,17464.482154632,287224,714413,231656.69
2022-12-14 00:00:00.000,17882.34,276441,684878,270487.62
2022-12-15 00:00:00.000,17582.737295882,276713,664277,357751.53
2022-12-16 00:00:00.000,17106.475,254176,578966,282272.57
2022-12-17 00:00:00.000,16702.4825,263200,712485,291124.84
2022-12-18 00:00:00.000,16743.785416667,212673,574669,193894.33
2022-12-19 00:00:00.000,16691.249583333,259096,725538,301384.58
2022-12-20 00:00:00.000,16789.587916667,268893,701589,303446.78
2022-12-21 00:00:00.000,16836.348333333,272491,689284,278253.38
2022-12-22 00:00:00.000,16787.480833333,271181,662156,287460.29
2022-12-23 00:00:00.000,16833.832083333,273926,623375,292482.59
2022-12-24 00:00:00.000,16838.679204306,213339,496233,297074.2
2022-12-25 00:00:00.000,16823.612083333,205314,548907,230598.34
2022-12-26 00:00:00.000,16854.50875,223504,563109,295590.88
2022-12-27 00:00:00.000,16809.015,239359,610425,400201.94
2022-12-28 00:00:00.000,16638.267083333,272949,673696,344057.31
2022-12-29 00:00:00.000,16595.2825,265955,690253,341645.57
2022-12-30 00:00:00.000,16550.9775,291015,817504,360534.31
2022-12-31 00:00:00.000,16570.75625,242325,614586,201869.91
2023-01-01 00:00:00.000,16560.68625,187516,505336,117794.74
2023-01-02 00:00:00.000,16691.735,229347,618974,147357.52
2023-01-03 00:00:00.000,16687.8975,272055,732397,212309.18
2023-01-04 00:00:00.000,16828.563333333,277936,681297,248646.93
2023-01-05 00:00:00.000,16831.479977391,279391,682305,240227.03
2023-01-06 00:00:00.000,16831.95625,276071,705595,222146.39
2023-01-07 00:00:00.000,16942.426666667,246679,570136,142263.69
2023-01-08 00:00:00.000,16954.774166667,228488,536377,114987.82
2023-01-09 00:00:00.000,17245.824346623,287347,743574,187523.38
2023-01-10 00:00:00.000,17296.2025,302809,959983,193121.8
2023-01-11 00:00:00.000,17455.056666667,287494,752267,216969.16
2023-01-12 00:00:00.000,18342.29125,315980,788360,304361.66
2023-01-13 00:00:00.000,19081.192916667,316549,814908,317989.53
2023-01-14 00:00:00.000,20809.526476965,309880,724010,291735.33
2023-01-15 00:00:00.000,20779.399583333,252086,552922,165854.36
2023-01-16 00:00:00.000,21032.609166667,302804,720908,216777.22
2023-01-17 00:00:00.000,21201.992916667,308715,748882,274819.81
2023-01-18 00:00:00.000,21129.352916667,300045,703477,339417.39
2023-01-19 00:00:00.000,20861.220416667,298919,688032,338982.61
2023-01-20 00:00:00.000,21313.086666667,295822,640080,419060
2023-01-21 00:00:00.000,22893.24625,287860,630210,373816.79
2023-01-22 00:00:00.000,22807.04125,250760,631223,313410.29
2023-01-23 00:00:00.000,22843.12625,293709,689757,341134.92
2023-01-24 00:00:00.000,22972.938333333,292970,664341,388877.87
2023-01-25 00:00:00.000,22709.94875,306681,677630,294122.42
2023-01-26 00:00:00.000,23083.326666667,296263,662065,279093.43
2023-01-27 00:00:00.000,23005.658333333,303179,661268,329712.28
2023-01-28 00:00:00.000,23027.63125,268849,619598,267490.3
2023-01-29 00:00:00.000,23446.51125,258583,586127,198592.69
2023-01-30 00:00:00.000,23300.807083333,309909,693478,261736.85
2023-01-31 00:00:00.000,22973.056666667,313500,649359,428251.81
2023-02-01 00:00:00.000,23186.782814145,345561,781966,512365.06
2023-02-02 00:00:00.000,23806.631873224,340169,727253,520540.49
2023-02-03 00:00:00.000,23488.790536537,315951,683548,571260.1
2023-02-04 00:00:00.000,23398.800416667,304495,701820,476371.67
2023-02-05 00:00:00.000,23203.166666667,254113,556897,323666.44
2023-02-06 00:00:00.000,22915.72,301977,629173,422539.53
2023-02-07 00:00:00.000,22994.030833333,300429,610019,510523.86
2023-02-08 00:00:00.000,23092.653036543,316963,629767,424354.53
2023-02-09 00:00:00.000,22563.14752904,369499,722356,485977.45
2023-02-10 00:00:00.000,21785.183965207,300092,600063,584195.15
2023-02-11 00:00:00.000,21713.268342989,277433,570989,481770.52
2023-02-12 00:00:00.000,21879.949225079,262528,575763,420563.85
2023-02-13 00:00:00.000,21692.5475,299329,666670,525806.56
2023-02-14 00:00:00.000,21926.781666667,302653,588238,567198.81
2023-02-15 00:00:00.000,22687.199631795,325460,686085,803719.4
2023-02-16 00:00:00.000,24608.74125,344711,818739,768828.88
2023-02-17 00:00:00.000,24024.00125,321260,786117,642414.73
2023-02-18 00:00:00.000,24607.2375,276798,841105,491028.13
2023-02-19 00:00:00.000,24647.400833333,240406,721423,379398.7
2023-02-20 00:00:00.000,24645.027916667,270081,656052,440875.44
2023-02-21 00:00:00.000,24675.80875,290457,806631,426810.56
2023-02-22 00:00:00.000,24027.821238538,282319,685050,442806.82
2023-02-23 00:00:00.000,24147.725,290728,870285,458681.16
2023-02-24 00:00:00.000,23635.38625,294562,683201,436827.54
2023-02-25 00:00:00.000,23063.877826087,258413,522698,368117.87
2023-02-26 00:00:00.000,23266.465833333,277103,672392,350514.4
2023-02-27 00:00:00.000,23452.579583333,292748,689237,530799.48
2023-02-28 00:00:00.000,23399.338333333,332358,651802,604228.85
2023-03-01 00:00:00.000,23589.34375,381932,743951,609572.78
2023-03-02 00:00:00.000,23424.422983937,330047,616307,560543.11
2023-03-03 00:00:00.000,22457.431666667,355273,764799,626800.03
2023-03-04 00:00:00.000,22350.58625,306300,622342,451102.13
2023-03-05 00:00:00.000,22455.775416667,286638,746508,393214.93
2023-03-06 00:00:00.000,22431.62375,316016,620069,539190.02
2023-03-07 00:00:00.000,22345.71875,362082,762944,572820.46
2023-03-08 00:00:00.000,22066.94,292493,606371,579145.58
2023-03-09 00:00:00.000,21442.237916667,336854,614533,957826.93
2023-03-10 00:00:00.000,19985.512916667,329334,644425,878321.52
2023-03-11 00:00:00.000,20259.049166667,319707,664152,551997.65
2023-03-12 00:00:00.000,20680.889166667,265555,640767,441922.85
2023-03-13 00:00:00.000,23080.885416667,333107,687362,605734.49
2023-03-14 00:00:00.000,24857.5775,327892,715823,928746.77
2023-03-15 00:00:00.000,24680.146402548,345059,682962,828816.87
2023-03-16 00:00:00.000,24796.569166667,295049,580453,829885.46
2023-03-17 00:00:00.000,26424.995416667,338823,735770,1128261.26
2023-03-18 00:00:00.000,27492.464347826,296890,672191,959829.16
2023-03-19 00:00:00.000,27594.88375,269131,570252,789861.74
2023-03-20 00:00:00.000,28042.463333333,341288,720490,832124.23
2023-03-21 00:00:00.000,28129.637083333,327932,685100,813666.65
2023-03-22 00:00:00.000,28213.271666667,297575,628200,996794.95
2023-03-23 00:00:00.000,27940.186666667,295245,603105,1093726.41
2023-03-24 00:00:00.000,28112.11375,292095,553748,1244898.18
2023-03-25 00:00:00.000,27651.932083333,290197,632623,846184.17
2023-03-26 00:00:00.000,27844.6875,261243,573021,608835.37
2023-03-27 00:00:00.000,27601.102083333,296557,767877,638511.32
2023-03-28 00:00:00.000,27062.362083333,316281,680376,758074.86
2023-03-29 00:00:00.000,28116.3825,334637,684385,775825.32
2023-03-30 00:00:00.000,28397.414583333,326347,722050,780896.05
2023-03-31 00:00:00.000,28218.299583333,308386,714212,920984.16
2023-04-01 00:00:00.000,28487.080833333,319646,728915,897805.6
2023-04-02 00:00:00.000,28326.01375,341622,750821,692697.97
2023-04-03 00:00:00.000,28029.190833333,332870,670265,776708.76
2023-04-04 00:00:00.000,28099.654583333,421130,793205,950774.89
2023-04-05 00:00:00.000,28360.875833333,346885,636801,908066.36
2023-04-06 00:00:00.000,28022.695833333,354019,703372,922394.78
2023-04-07 00:00:00.000,27957.72125,355031,650438,755049
2023-04-08 00:00:00.000,28020.868333333,318505,579668,613562.29
2023-04-09 00:00:00.000,28038.8875,278404,719525,474157.24
2023-04-10 00:00:00.000,28607.770833333,289625,670180,623951.01
2023-04-11 00:00:00.000,30130.589166667,385002,870324,935716.53
2023-04-12 00:00:00.000,30031.12625,338102,808432,738979.25
2023-04-13 00:00:00.000,30235.727083333,332042,762275,784860.7
2023-04-14 00:00:00.000,30609.544166667,315959,743398,847586.39
2023-04-15 00:00:00.000,30408.46,276185,844528,644548.6
2023-04-16 00:00:00.000,30333.844166667,232268,650966,483820.11
2023-04-17 00:00:00.000,29722.673333333,316193,781608,618503.75
2023-04-18 00:00:00.000,29945.923333333,312522,933061,610276.97
2023-04-19 00:00:00.000,29574.030416667,301722,730259,616532.96
2023-04-20 00:00:00.000,28693.331666667,296683,671818,608078.61
2023-04-21 00:00:00.000,27977.024583333,352218,740413,673703.04
2023-04-22 00:00:00.000,27438.30375,354752,672566,449744.87
2023-04-23 00:00:00.000,27594.20375,432760,592826,377288.51
2023-04-24 00:00:00.000,27497.346521739,360173,739546,564634.02
2023-04-25 00:00:00.000,27536.724583333,369843,632707,736224.95
2023-04-26 00:00:00.000,28872.685217391,436461,582654,957255.64
2023-04-27 00:00:00.000,29163.579166667,418912,598422,1219610.96
2023-04-28 00:00:00.000,29349.972916667,483522,644449,1345757.69
2023-04-29 00:00:00.000,29321.826666667,486031,535817,1255459.32
2023-04-30 00:00:00.000,29363.514166667,568516,505734,1399607.95
2023-05-01 00:00:00.000,28455.449166667,682281,648095,1966232.1
2023-05-02 00:00:00.000,28270.815,457708,512809,3242381.99
2023-05-03 00:00:00.000,28558.470833333,489559,644134,3544640.2
2023-05-04 00:00:00.000,29005.60375,491123,610958,3287913.69
2023-05-05 00:00:00.000,29266.4875,411429,497547,3957340.4
2023-05-06 00:00:00.000,29135.614166667,601134,481043,5308573.28
2023-05-07 00:00:00.000,28914.012083333,607883,338154,11674269.13
2023-05-08 00:00:00.000,27944.381304348,575051,433073,17757213.46
2023-05-09 00:00:00.000,27605.9875,598256,508741,12153888.85
2023-05-10 00:00:00.000,27725.451666667,671668,600402,9422705.26
2023-05-11 00:00:00.000,27301.610434783,546549,554743,5299476.16
2023-05-12 00:00:00.000,26521.666666667,509159,524527,4592616.89
2023-05-13 00:00:00.000,26834.583333333,575640,453307,2919460.43
2023-05-14 00:00:00.000,26876.958333333,631677,603011,2375681.96
2023-05-15 00:00:00.000,27327.833333333,526379,553965,2458065.08
2023-05-16 00:00:00.000,27075.833333333,566462,547892,3059725.82
2023-05-17 00:00:00.000,27009.375,583454,579566,2515869.56
2023-05-18 00:00:00.000,27151.217391304,476704,557166,2894987.08
2023-05-19 00:00:00.000,26883.208333333,515474,598803,3133362.74
2023-05-20 00:00:00.000,26932.583333333,423736,507988,2294735.64
2023-05-21 00:00:00.000,26986.333333333,486625,562853,1927974.32
2023-05-22 00:00:00.000,26812.416666667,499281,572155,1903468.34
2023-05-23 00:00:00.000,27231.869565217,519870,597842,1900395.76
2023-05-24 00:00:00.000,26626.333333333,405521,605947,1724770.61
2023-05-25 00:00:00.000,26315.208333333,460167,641532,2418390.18
2023-05-26 00:00:00.000,26573.875,532373,697983,2599195.95
2023-05-27 00:00:00.000,26723.666666667,471633,643753,1659008.9
2023-05-28 00:00:00.000,27314.5,496158,701692,1709756.79
2023-05-29 00:00:00.000,27879.708333333,550324,659650,1980510.36
2023-05-30 00:00:00.000,27786.791666667,515246,701671,2218723.55
2023-05-31 00:00:00.000,27205.583333333,421579,672296,1865034.91
2023-06-01 00:00:00.000,26924.583333333,355986,640286,1889078.69
2023-06-02 00:00:00.000,27066.458333333,479437,720084,2023807.94
2023-06-03 00:00:00.000,27159.416666667,381453,610911,1200699.73
2023-06-04 00:00:00.000,27175.791666667,364020,687078,1046123.04
2023-06-05 00:00:00.000,26445.666666667,359254,637443,1520579.85
2023-06-06 00:00:00.000,26101.666666667,462072,667960,2169731.01
2023-06-07 00:00:00.000,26686.291666667,433781,691812,2606144.98
2023-06-08 00:00:00.000,26468.916666667,407006,706320,1841356.8
2023-06-09 00:00:00.000,26530.666666667,387084,797613,1943209.25
2023-06-10 00:00:00.000,25843.333333333,365369,675665,1282865.83
2023-06-11 00:00:00.000,25839.333333333,399201,674836,906942.66
2023-06-12 00:00:00.000,25876.041666667,370634,748689,1099755.87
2023-06-13 00:00:00.000,25992.208333333,410483,677608,967720.66
2023-06-14 00:00:00.000,25827.541666667,330658,575614,1030076.04
2023-06-15 00:00:00.000,25101.166666667,423069,653766,1029609.23
2023-06-16 00:00:00.000,25765.791666667,512202,671715,1177594.88
2023-06-17 00:00:00.000,26473.916666667,475252,616853,1061536.87
2023-06-18 00:00:00.000,26511.541666667,439868,674392,808437.69
2023-06-19 00:00:00.000,26501.391304348,415604,681389,828672.91
2023-06-20 00:00:00.000,27193.5,447715,692707,1013942.41
2023-06-21 00:00:00.000,29301.958333333,363280,630003,1293187.32
2023-06-22 00:00:00.000,30101.583333333,392041,750896,1337144.76
2023-06-23 00:00:00.000,30348.291666667,374001,663589,1219244.97
2023-06-24 00:00:00.000,30641.375,361437,801778,1034015.74
2023-06-25 00:00:00.000,30634.208333333,382769,772652,899699.62
2023-06-26 00:00:00.000,30272.333333333,403979,768869,980438.59
2023-06-27 00:00:00.000,30530.291666667,434858,694792,966845.69
2023-06-28 00:00:00.000,30320.130434783,331278,558277,904943.13
2023-06-29 00:00:00.000,30419.25,438193,721398,1127984.59
2023-06-30 00:00:00.000,30577.125,445197,794892,1060550.83
2023-07-01 00:00:00.000,30508.791666667,324274,719943,776143.9
2023-07-02 00:00:00.000,30540.166666667,309920,931440,726619.35
2023-07-03 00:00:00.000,30817.625,328114,696822,786275.63
2023-07-04 00:00:00.000,31002.913043478,375807,713629,703073.97
2023-07-05 00:00:00.000,30604.458333333,496227,712463,657424.26
2023-07-06 00:00:00.000,30514,392688,703218,601455.32
2023-07-07 00:00:00.000,30190.458333333,556014,776337,581357.49
2023-07-08 00:00:00.000,30233.916666667,573697,786766,445639.99
2023-07-09 00:00:00.000,30274.333333333,594265,762104,399174.67
2023-07-10 00:00:00.000,30257.375,507115,668811,491923.65
2023-07-11 00:00:00.000,30504.958333333,432293,680074,517141.19
2023-07-12 00:00:00.000,30584.833333333,478320,694797,589898.04
2023-07-13 00:00:00.000,30707.5,375859,592296,606283.85
2023-07-14 00:00:00.000,31080.913043478,421666,720011,704112.05
2023-07-15 00:00:00.000,30319.083333333,484980,672549,507550.03
2023-07-16 00:00:00.000,30303.875,595145,692760,467645.76
2023-07-17 00:00:00.000,30191.423929773,428612,679265,519612.29
2023-07-18 00:00:00.000,29959.875,582684,740968,571658.63
2023-07-19 00:00:00.000,29984.208333333,480249,696039,544643.29
2023-07-20 00:00:00.000,29993.291666667,400400,627612,682253.59
2023-07-21 00:00:00.000,29859.25,323847,585180,684829.16
2023-07-22 00:00:00.000,29881.791666667,288750,755237,1372486.23
2023-07-23 00:00:00.000,29946.625,559624,662757,765059.25
2023-07-24 00:00:00.000,29431.179488071,529923,694575,777791.99
2023-07-25 00:00:00.000,29174.75,462586,675817,521046.63
2023-07-26 00:00:00.000,29277.708333333,452746,763859,550819.21
2023-07-27 00:00:00.000,29354,413038,680520,611469.88
2023-07-28 00:00:00.000,29261.5,449225,694673,595836.49
2023-07-29 00:00:00.000,29330.291666667,423119,639344,473557.8
2023-07-30 00:00:00.000,29306.5,645854,786757,502060.6
2023-07-31 00:00:00.000,29326.791666667,445666,663375,488526.51
2023-08-01 00:00:00.000,29006.875,412219,716481,535905.33
2023-08-02 00:00:00.000,29429.958333333,390768,812520,614148.38
2023-08-03 00:00:00.000,29161.375,476007,757049,678042.55
2023-08-04 00:00:00.000,29149,318486,620296,656344.72
2023-08-05 00:00:00.000,29031.75,500723,734939,612766.52
2023-08-06 00:00:00.000,29038.583333333,607275,748277,490989.87
2023-08-07 00:00:00.000,29050.083333333,427534,665841,659065.18
2023-08-08 00:00:00.000,29436.583333333,331194,623607,859316.67
2023-08-09 00:00:00.000,29701.666666667,506746,782850,804320.46
2023-08-10 00:00:00.000,29488.666666667,358039,630623,725826.11
2023-08-11 00:00:00.000,29388.75,506538,719507,689581.68
2023-08-12 00:00:00.000,29402,503934,703259,571046.33
2023-08-13 00:00:00.000,29377.708333333,497112,657394,396073.63
2023-08-14 00:00:00.000,29373.333333333,568517,754881,534342.89
2023-08-15 00:00:00.000,29316.458333333,583063,806246,535285.48
2023-08-16 00:00:00.000,29102.416666667,566878,726686,524857.61
2023-08-17 00:00:00.000,28196.5,502274,780348,532281.35
2023-08-18 00:00:00.000,26295.958333333,423207,682302,577281.86
2023-08-19 00:00:00.000,25995.583333333,519780,647628,434200.99
2023-08-20 00:00:00.000,26121.958333333,612461,716063,391404.65
2023-08-21 00:00:00.000,26064.666666667,550074,709485,431948.24
2023-08-22 00:00:00.000,25980.333333333,420857,715151,488045.99
2023-08-23 00:00:00.000,26169.166666667,417822,711993,506148.25
2023-08-24 00:00:00.000,26287.583333333,399151,720323,458719.22
2023-08-25 00:00:00.000,26048.875,425192,678090,469817.94
2023-08-26 00:00:00.000,26031.958333333,497513,659828,418734.04
2023-08-27 00:00:00.000,26059.833333333,413594,589195,351217.34
2023-08-28 00:00:00.000,26025.375,331345,612208,441841.77
2023-08-29 00:00:00.000,26682.833333333,500301,777437,566759.98
2023-08-30 00:00:00.000,27356.291666667,408001,596359,525512.53
2023-08-31 00:00:00.000,26885.625,437435,692403,713356.31
2023-09-01 00:00:00.000,25898.666666667,419548,733543,676459.01
2023-09-02 00:00:00.000,25822.043478261,539748,699653,600815.21
2023-09-03 00:00:00.000,25912.666666667,625257,620024,515435.15
2023-09-04 00:00:00.000,25891.416666667,573196,623215,576761.32
2023-09-05 00:00:00.000,25732.291666667,462093,627322,627847.28
2023-09-06 00:00:00.000,25708,485357,740658,777610.16
2023-09-07 00:00:00.000,25824.25,537939,744425,815141.99
2023-09-08 00:00:00.000,26014.875,414799,699857,931500.94
2023-09-09 00:00:00.000,25866.541666667,597409,829436,841472.25
2023-09-10 00:00:00.000,25820.416666667,558395,753804,1212629.68
2023-09-11 00:00:00.000,25497.041666667,459132,880334,832353.89
2023-09-12 00:00:00.000,25868.583333333,462328,772487,803450.04
2023-09-13 00:00:00.000,26083.875,512446,803586,812362.62
2023-09-14 00:00:00.000,26435.375,576215,858219,817360.51
2023-09-15 00:00:00.000,26502.166666667,703692,939680,864615.14
2023-09-16 00:00:00.000,26556.791666667,593144,772919,709168.55
2023-09-17 00:00:00.000,26529.833333333,611220,753871,751082.15
2023-09-18 00:00:00.000,26853.458333333,635845,837447,1256409.02
2023-09-19 00:00:00.000,27044.166666667,493887,755125,1269217.2
2023-09-20 00:00:00.000,27131.333333333,551783,781412,1285804.54
2023-09-21 00:00:00.000,26778.041666667,431540,822179,1266672.81
2023-09-22 00:00:00.000,26610.260869565,441679,714019,1223695.94
2023-09-23 00:00:00.000,26574.166666667,629617,831123,1370766.61
2023-09-24 00:00:00.000,26552.5,441181,844040,984878.14
2023-09-25 00:00:00.000,26195.541666667,285750,909204,874087.81
2023-09-26 00:00:00.000,26236.041666667,309789,808248,725263.55
2023-09-27 00:00:00.000,26311.333333333,337265,908095,835124.06
2023-09-28 00:00:00.000,26662.25,378975,770001,773595.94
2023-09-29 00:00:00.000,26952.291666667,330269,790006,791149.21
2023-09-30 00:00:00.000,26969.333333333,275474,779408,581398
2023-10-01 00:00:00.000,27177.75,320516,676821,514314.42
2023-10-02 00:00:00.000,28060.333333333,344263,756012,765348.38
2023-10-03 00:00:00.000,27487.458333333,310664,834844,798886.54
2023-10-04 00:00:00.000,27517.083333333,287430,631596,725593.2
2023-10-05 00:00:00.000,27632.666666667,319310,695716,737649.56
2023-10-06 00:00:00.000,27703.333333333,298650,648893,1179628.15
2023-10-07 00:00:00.000,27942.875,244567,626822,1159202.29
2023-10-08 00:00:00.000,27932.583333333,242440,568691,429922.03
2023-10-09 00:00:00.000,27687.666666667,283648,728347,549524.04
2023-10-10 00:00:00.000,27526.208333333,285060,660284,473658.75
2023-10-11 00:00:00.000,27023.541666667,264600,644006,582961.77
2023-10-12 00:00:00.000,26754.208333333,267090,688998,662612.68
2023-10-13 00:00:00.000,26815.708333333,279518,680107,593093.7
2023-10-14 00:00:00.000,26878.666666667,265220,596165,365966.08
2023-10-15 00:00:00.000,26935.666666667,251923,554077,306960.27
2023-10-16 00:00:00.000,27903.958333333,299782,769306,576898.45
2023-10-17 00:00:00.000,28410.666666667,294257,695529,552719.14
2023-10-18 00:00:00.000,28419.208333333,271345,709406,542620.13
2023-10-19 00:00:00.000,28494.208333333,282007,669547,532083.35
2023-10-20 00:00:00.000,29429.291666667,295888,673696,593381.77
2023-10-21 00:00:00.000,29794.75,270621,666992,478406.59
2023-10-22 00:00:00.000,29927.708333333,252457,598328,370304.85
2023-10-23 00:00:00.000,30879.041666667,301780,790710,528006.33
2023-10-24 00:00:00.000,34107.416666667,373854,691949,1304147.19
2023-10-25 00:00:00.000,34335.916666667,476549,787572,1405040.93
2023-10-26 00:00:00.000,34344.75,431256,801380,999037.35
2023-10-27 00:00:00.000,33962.125,452816,781530,866743.85
2023-10-28 00:00:00.000,34098.541666667,564383,761500,662511.51
2023-10-29 00:00:00.000,34302.666666667,410290,666620,466153.77
2023-10-30 00:00:00.000,34446.333333333,463202,839722,624341.77
2023-10-31 00:00:00.000,34401.75,433751,783627,627843.04
2023-11-01 00:00:00.000,34618.041666667,463644,745532,743662.62
2023-11-02 00:00:00.000,35160.791666667,403541,761804,810124.91
2023-11-03 00:00:00.000,34534.329165729,452354,642679,1141570.4
2023-11-04 00:00:00.000,34774.958333333,698917,774972,2765101.95
2023-11-05 00:00:00.000,35068.166666667,673375,832021,2499186.56
2023-11-06 00:00:00.000,34997.916666667,439319,694538,2604454.48
2023-11-07 00:00:00.000,34967.458333333,450371,652717,3084162.11
2023-11-08 00:00:00.000,35397.958333333,583201,686739,4178296.45
2023-11-09 00:00:00.000,36578.5,573466,671249,9090022.77
2023-11-10 00:00:00.000,36937.166666667,523831,791808,6045403.36
2023-11-11 00:00:00.000,37081.833333333,627529,763076,4243100.96
2023-11-12 00:00:00.000,37083.416666667,703327,704288,4295375.26
2023-11-13 00:00:00.000,36874.75,428507,681862,3970376.85
2023-11-14 00:00:00.000,36233.52173913,523422,666260,3672896.36
2023-11-15 00:00:00.000,36271.833333333,561942,658681,4889238.68
2023-11-16 00:00:00.000,36934.291666667,628426,629396,11726871.18
2023-11-17 00:00:00.000,36360.791666667,536644,718365,8967551.53
2023-11-18 00:00:00.000,36504.041666667,629266,610571,11565090.42
2023-11-19 00:00:00.000,36654.833333333,710579,708665,7345058.61
2023-11-20 00:00:00.000,37296.125,640670,796875,6628373.89
2023-11-21 00:00:00.000,37172.416666667,522593,713609,6407568.73
2023-11-22 00:00:00.000,36658,535829,659679,5631334.24
2023-11-23 00:00:00.000,37324.833333333,587706,672748,8260940.06
2023-11-24 00:00:00.000,37652.708333333,623898,834323,3682365.24
2023-11-25 00:00:00.000,37766.5,617234,759325,3480891.9
2023-11-26 00:00:00.000,37609.833333333,578484,723926,3050565.79
2023-11-27 00:00:00.000,37179.291666667,479487,699687,3323177.11
2023-11-28 00:00:00.000,37435.791666667,447662,732710,2947429.11
2023-11-29 00:00:00.000,37950.125,360588,687544,2415780.82
2023-11-30 00:00:00.000,37782.291666667,411882,661853,2664544.51
2023-12-01 00:00:00.000,38413.833333333,496468,787576,3796932.65
2023-12-02 00:00:00.000,38909.791666667,429362,556397,2476779.32
2023-12-03 00:00:00.000,39557.666666667,707876,645506,5612791.43
2023-12-04 00:00:00.000,41442.041666667,570395,735133,6233056.55
2023-12-05 00:00:00.000,42384.375,514962,579972,10031171
2023-12-06 00:00:00.000,43876.25,467795,560600,12884765.15
2023-12-07 00:00:00.000,43569.47826087,372050,592822,7589355.84
2023-12-08 00:00:00.000,43681.214983689,411456,630118,6662442.09
2023-12-09 00:00:00.000,44046.328459655,587398,655439,6169571.69
2023-12-10 00:00:00.000,43826.958333333,536175,595753,5033696.35
2023-12-11 00:00:00.000,41913.25,525486,741379,5747946.64
2023-12-12 00:00:00.000,41541.666666667,543162,611440,4721459.28
2023-12-13 00:00:00.000,41608.166666667,587920,489956,8231873.36
2023-12-14 00:00:00.000,42855.791666667,570985,448567,14322047.31
2023-12-15 00:00:00.000,42486.5,632636,607547,17892704.65
2023-12-16 00:00:00.000,42263.75,638144,501894,23708557.6
2023-12-17 00:00:00.000,41927.541666667,616808,513608,23053940.68
2023-12-18 00:00:00.000,41385.541666667,640936,696123,16168895.02
2023-12-19 00:00:00.000,42695.875,662880,588771,18623585.55
2023-12-20 00:00:00.000,43179.458333333,582506,540721,18443758.66
2023-12-21 00:00:00.000,43733.541666667,588137,549484,17734470.15
2023-12-22 00:00:00.000,43814.519666033,625531,739963,14220451.31
2023-12-23 00:00:00.000,43698.342012818,608479,650835,8866331.53
2023-12-24 00:00:00.000,43633.356065057,723459,666712,7809907.03
2023-12-25 00:00:00.000,43354.949297875,535741,519078,7322344.37
2023-12-26 00:00:00.000,42685.798216988,553693,520536,7166503.83
2023-12-27 00:00:00.000,42827.375,545556,520806,11538505.4
2023-12-28 00:00:00.000,42949.333333333,417180,588516,9958021.04
2023-12-29 00:00:00.000,42416.625,581449,660107,8971251.86
2023-12-30 00:00:00.000,42125.166666667,533823,606423,11141432.88
2023-12-31 00:00:00.000,42440.5,731351,567774,15041563.45
2024-01-01 00:00:00.000,42787.208333333,657752,615570,9391838.42
2024-01-02 00:00:00.000,45265.291666667,367319,624922,6449560.08
2024-01-03 00:00:00.000,43955.833333333,502749,695429,6415891.42
2024-01-04 00:00:00.000,43508.458333333,482557,750295,5549412.31
2024-01-05 00:00:00.000,43777,420884,541674,5118088.71
2024-01-06 00:00:00.000,43841.541666667,382140,590048,3828634.82
2024-01-07 00:00:00.000,44101.260869565,348688,491474,3365347.05
2024-01-08 00:00:00.000,44866.041666667,414359,498232,5661268.76
2024-01-09 00:00:00.000,46673.666666667,468088,653987,5234322.49
2024-01-10 00:00:00.000,45782.948559205,383774,595682,3845820.25
2024-01-11 00:00:00.000,46563.875,449075,778622,4714830.79
2024-01-12 00:00:00.000,45067.458333333,375872,807977,4858754.29
2024-01-13 00:00:00.000,42864.373935945,652483,568953,5436209.87
2024-01-14 00:00:00.000,42742.875,591806,488422,9360192.8
2024-01-15 00:00:00.000,42618.624445679,408499,538845,5000926.84
2024-01-16 00:00:00.000,42925.134584022,470122,541742,5333894.6
2024-01-17 00:00:00.000,42708.143950217,449415,558231,4463942.16
2024-01-18 00:00:00.000,42231.958333333,484017,649726,5121838.76
2024-01-19 00:00:00.000,41255.583333333,460763,552754,3470756.42
2024-01-20 00:00:00.000,41596.916666667,563331,579900,3002254.85
2024-01-21 00:00:00.000,41672.75,600202,541301,2983663.15
2024-01-22 00:00:00.000,40699.916666667,457620,749166,3096215.66
2024-01-23 00:00:00.000,39415.291666667,368462,725347,3479596.9
2024-01-24 00:00:00.000,39896.708333333,372499,686527,2416850.66
2024-01-25 00:00:00.000,39953.375,340188,1017686,2562855.44
2024-01-26 00:00:00.000,40913.125,493218,660457,2269335.62
2024-01-27 00:00:00.000,41819.083333333,597446,756164,2433457.3
2024-01-28 00:00:00.000,42238.166666667,636523,633563,2348878.03
2024-01-29 00:00:00.000,42494.956521739,575203,720186,2368093.35
2024-01-30 00:00:00.000,43430.291666667,523509,648876,2241859.98
2024-01-31 00:00:00.000,42901.958333333,444450,630013,2141501.01
2024-02-01 00:00:00.000,42440,413272,718056,2428496.03
2024-02-02 00:00:00.000,43049.791666667,429732,760265,2830641.11
2024-02-03 00:00:00.000,43088.791666667,515539,604517,7634472.82
2024-02-04 00:00:00.000,42868.416666667,336211,682836,4220067.11
2024-02-05 00:00:00.000,42738.541666667,281482,794689,2772086.61
2024-02-06 00:00:00.000,42935.375,278093,855835,2280237.44
2024-02-07 00:00:00.000,43253.541666667,427538,732603,3160846.9
2024-02-08 00:00:00.000,44889.5,285101,645330,2380588.89
2024-02-09 00:00:00.000,46737.416666667,334084,810082,2556394.65
2024-02-10 00:00:00.000,47362.916666667,399252,748065,1951759.16
2024-02-11 00:00:00.000,48145.75,329938,613196,1380541.94
2024-02-12 00:00:00.000,48760.666666667,409911,784139,3303321.6
2024-02-13 00:00:00.000,49605.416666667,313178,645044,2351384.42
2024-02-14 00:00:00.000,50838.041666667,296717,520995,2756047.75
2024-02-15 00:00:00.000,52098.625,303306,650583,2008033.81
2024-02-16 00:00:00.000,52049.458333333,312782,610813,1708333.32
2024-02-17 00:00:00.000,51637.208333333,327713,700876,1493785.09
2024-02-18 00:00:00.000,51761.583333333,343417,546618,1279616.95
2024-02-19 00:00:00.000,52140.333333333,366108,669927,1519884.13
2024-02-20 00:00:00.000,51835.916666667,397096,644506,1648345.87
2024-02-21 00:00:00.000,51472.130434783,369949,568063,1622142.93
2024-02-22 00:00:00.000,51555.625,365090,612250,1456017.84
2024-02-23 00:00:00.000,51082.125,409204,737181,1574602.55
2024-02-24 00:00:00.000,51146.291666667,340419,634926,1328894.3
2024-02-25 00:00:00.000,51631.083333333,418801,699716,1255661.8
2024-02-26 00:00:00.000,52320.083333333,356184,617200,1695338.46
2024-02-27 00:00:00.000,56508.208333333,387598,603304,2726746.28
2024-02-28 00:00:00.000,59293.125,413800,676872,3588889.3
2024-02-29 00:00:00.000,62104.916666667,407090,625915,4667996.51
2024-03-01 00:00:00.000,61918.583333333,419284,712788,3666035.15
2024-03-02 00:00:00.000,62013.083333333,339311,563635,2604714.33
2024-03-03 00:00:00.000,62220.125,385447,615802,2872741.37
2024-03-04 00:00:00.000,65263.166666667,361258,572477,5440123.6
2024-03-05 00:00:00.000,66246.041666667,424347,806100,6845201.38
2024-03-06 00:00:00.000,66004.833333333,381934,609751,4461999.59
2024-03-07 00:00:00.000,66825.833333333,436344,759763,3487322.96
2024-03-08 00:00:00.000,67738.416666667,426928,644591,3258094.05
2024-03-09 00:00:00.000,68380.791666667,359029,724844,2783338.86
2024-03-10 00:00:00.000,69404,368196,619466,2536710.26
2024-03-11 00:00:00.000,71044.333333333,394098,850371,2926047.96
2024-03-12 00:00:00.000,71620.166666667,341867,741149,2764310.84
2024-03-13 00:00:00.000,72737.708333333,390118,816155,2592654.81
2024-03-14 00:00:00.000,72230.833333333,329706,718116,2429157.31
2024-03-15 00:00:00.000,68519.75,307904,568568,2546524.11
2024-03-16 00:00:00.000,68247.916666667,355760,684029,2614725.83
2024-03-17 00:00:00.000,67015.041666667,366109,661696,1712893.95
2024-03-18 00:00:00.000,67717.791666667,416270,624884,2830072.96
2024-03-19 00:00:00.000,64262.291666667,463952,724136,2957251.37
2024-03-20 00:00:00.000,63856.25,361515,696275,2132638.76
2024-03-21 00:00:00.000,66688.416666667,327642,538169,2533305.78
2024-03-22 00:00:00.000,64642.958333333,339533,614571,2424173.62
2024-03-23 00:00:00.000,64559.958333333,326610,688590,1586875.81
2024-03-24 00:00:00.000,65216.458333333,331527,773039,1387988.38
2024-03-25 00:00:00.000,68398.347826087,317064,620054,1926028.19
2024-03-26 00:00:00.000,70340.125,317742,559845,2229570.77
2024-03-27 00:00:00.000,69778.416666667,355902,588560,2110906.12
2024-03-28 00:00:00.000,70390.375,428670,686127,2126428.28
2024-03-29 00:00:00.000,70047.833333333,449421,579308,2052531.56
2024-03-30 00:00:00.000,69993.375,490072,603660,2091845.22
2024-03-31 00:00:00.000,70440.375,319675,440038,1976385.36
